{
  "custom": {},
  "params": {},
  "props": {
    "defaultSize": {
      "height": 1198,
      "width": 1599
    }
  },
  "root": {
    "children": [
      {
        "children": [
          {
            "meta": {
              "name": "Image"
            },
            "position": {
              "basis": "150px"
            },
            "props": {
              "fit": {
                "mode": "fill"
              },
              "source": "/system/images/Builtin/icons/Acuaponia/Idom.png"
            },
            "type": "ia.display.image"
          },
          {
            "children": [
              {
                "events": {
                  "component": {
                    "onActionPerformed": {
                      "config": {
                        "page": "/Home"
                      },
                      "scope": "C",
                      "type": "nav"
                    }
                  }
                },
                "meta": {
                  "name": "Button"
                },
                "position": {
                  "breakpoints": [
                    {
                      "colIndex": 0,
                      "name": "sm",
                      "order": 1,
                      "rowIndex": 0,
                      "span": 6
                    },
                    {
                      "colIndex": -34,
                      "name": "md",
                      "order": 1,
                      "rowIndex": 0,
                      "span": 1
                    },
                    {
                      "colIndex": -34,
                      "name": "lg",
                      "order": 1,
                      "rowIndex": 0,
                      "span": 1
                    }
                  ],
                  "height": 111
                },
                "props": {
                  "style": {
                    "backgroundColor": "#1C4C9CE3"
                  },
                  "text": "Home"
                },
                "type": "ia.input.button"
              },
              {
                "events": {
                  "component": {
                    "onActionPerformed": {
                      "config": {
                        "page": "/Alarm"
                      },
                      "scope": "C",
                      "type": "nav"
                    }
                  }
                },
                "meta": {
                  "name": "Button_0"
                },
                "position": {
                  "breakpoints": [
                    {
                      "colIndex": 6,
                      "name": "sm",
                      "order": 1,
                      "rowIndex": 0,
                      "span": 6
                    },
                    {
                      "colIndex": -34,
                      "name": "md",
                      "order": 1,
                      "rowIndex": 0,
                      "span": 1
                    },
                    {
                      "colIndex": -34,
                      "name": "lg",
                      "order": 1,
                      "rowIndex": 0,
                      "span": 1
                    }
                  ],
                  "height": 111
                },
                "props": {
                  "style": {
                    "backgroundColor": "#E61E54"
                  },
                  "text": "Alarm"
                },
                "type": "ia.input.button"
              }
            ],
            "meta": {
              "name": "ColumnContainer"
            },
            "position": {
              "basis": "200px"
            },
            "type": "ia.container.column"
          },
          {
            "meta": {
              "name": "Aquaponic-Module 1"
            },
            "position": {
              "basis": "321px"
            },
            "props": {
              "style": {
                "fontSize": "20px",
                "fontWeight": "bold"
              },
              "text": "Hydroponics Process - Module 1"
            },
            "type": "ia.display.label"
          }
        ],
        "meta": {
          "name": "FlexContainer"
        },
        "position": {
          "height": 0.1294,
          "width": 0.9969
        },
        "props": {
          "alignContent": "center",
          "justify": "space-around",
          "style": {
            "backgroundColor": "#e5e5e5",
            "borderStyle": "groove"
          }
        },
        "type": "ia.container.flex"
      },
      {
        "children": [
          {
            "meta": {
              "name": "Sensor_6"
            },
            "position": {
              "height": 80,
              "width": 240,
              "x": 1111.01,
              "y": 740.2733435058594
            },
            "propConfig": {
              "props.label.text": {
                "binding": {
                  "config": {
                    "expression": "toString({[MQTT Engine]Edge Nodes/TEST/T1/AQ/Aquaponic1/AquaponicGrowBed/LSL_T2_01/Name}) + \" - \" + toString({[MQTT Engine]Edge Nodes/TEST/T1/AQ/Aquaponic1/AquaponicGrowBed/LSL_T2_01/Desc})"
                  },
                  "type": "expr"
                }
              },
              "props.state": {
                "binding": {
                  "config": {
                    "expression": "if({[MQTT Engine]Edge Nodes/TEST/T1/AQ/Aquaponic1/AquaponicGrowBed/LSL_T2_01/Fault},\r\n    \"faulted\",\r\n    if({[MQTT Engine]Edge Nodes/TEST/T1/AQ/Aquaponic1/AquaponicGrowBed/LSL_T2_01/PV},\r\n        \"running\",\r\n        \"stopped\"))\r\n"
                  },
                  "type": "expr"
                }
              },
              "props.value.text": {
                "binding": {
                  "config": {
                    "expression": "if({[MQTT Engine]Edge Nodes/TEST/T1/AQ/Aquaponic1/AquaponicGrowBed/LSL_T2_01/PV}, \r\n   \"Low level detected\",\r\n   \"OK\")"
                  },
                  "type": "expr"
                }
              }
            },
            "props": {
              "label": {
                "location": "right"
              },
              "orientation": "left",
              "value": {
                "location": "right"
              }
            },
            "type": "ia.symbol.sensor"
          },
          {
            "events": {
              "dom": {
                "onClick": {
                  "config": {
                    "draggable": true,
                    "id": "8mhlf5_w",
                    "modal": false,
                    "overlayDismiss": false,
                    "resizable": true,
                    "showCloseIcon": true,
                    "title": "PPFD",
                    "type": "open",
                    "viewPath": "P_EIT_T1_01",
                    "viewportBound": false
                  },
                  "scope": "C",
                  "type": "popup"
                }
              }
            },
            "meta": {
              "name": "Sensor_8"
            },
            "position": {
              "height": 79.73,
              "width": 240.88,
              "x": 1126.01,
              "y": 149.23834350585938
            },
            "propConfig": {
              "props.label.text": {
                "binding": {
                  "config": {
                    "expression": "toString({[MQTT Engine]Edge Nodes/TEST/T1/AQ/Aquaponic1/AquaponicGrowBed/EIT_T2_01/Name}) + \" - \" + toString({[MQTT Engine]Edge Nodes/TEST/T1/AQ/Aquaponic1/AquaponicGrowBed/EIT_T2_01/Desc})"
                  },
                  "type": "expr"
                }
              },
              "props.state": {
                "binding": {
                  "config": {
                    "expression": "if({[MQTT Engine]Edge Nodes/TEST/T1/AQ/Aquaponic1/AquaponicGrowBed/EIT_T2_01/Fault},\r\n    \"faulted\",\r\n    if({[MQTT Engine]Edge Nodes/TEST/T1/AQ/Aquaponic1/AquaponicGrowBed/EIT_T2_01/PV} \u003e {[MQTT Engine]Edge Nodes/TEST/T1/AQ/Aquaponic1/AquaponicGrowBed/EIT_T2_01/HH}\r\n        || {[MQTT Engine]Edge Nodes/TEST/T1/AQ/Aquaponic1/AquaponicGrowBed/EIT_T2_01/PV} \u003c {[MQTT Engine]Edge Nodes/TEST/T1/AQ/Aquaponic1/AquaponicGrowBed/EIT_T2_01/LL},\r\n        \"faulted\",\r\n        \"stopped\"))\r\n"
                  },
                  "type": "expr"
                }
              },
              "props.value.text": {
                "binding": {
                  "config": {
                    "expression": "ToString(round({[MQTT Engine]Edge Nodes/TEST/T1/AQ/Aquaponic1/AquaponicGrowBed/EIT_T2_01/PV}, 2) +\" \" + {[MQTT Engine]Edge Nodes/TEST/T1/AQ/Aquaponic1/AquaponicGrowBed/EIT_T2_01/EU})"
                  },
                  "type": "expr"
                }
              }
            },
            "props": {
              "appearance": "mimic",
              "label": {
                "location": "right"
              },
              "orientation": "left",
              "value": {
                "location": "right"
              }
            },
            "type": "ia.symbol.sensor"
          },
          {
            "events": {
              "dom": {
                "onClick": {
                  "config": {
                    "draggable": true,
                    "id": "G79ior-b",
                    "modal": false,
                    "overlayDismiss": false,
                    "resizable": true,
                    "showCloseIcon": true,
                    "title": "g/m³",
                    "type": "open",
                    "viewPath": "P_AIT_T2_01",
                    "viewportBound": false
                  },
                  "scope": "C",
                  "type": "popup"
                }
              }
            },
            "meta": {
              "name": "Sensor_9"
            },
            "position": {
              "height": 79.73,
              "width": 240.88,
              "x": 1126.3600000000001,
              "y": 225.40834350585936
            },
            "propConfig": {
              "props.label.text": {
                "binding": {
                  "config": {
                    "expression": "toString({[MQTT Engine]Edge Nodes/TEST/T1/AQ/Aquaponic1/AquaponicGrowBed/AIT_T2_01/Name}) + \" - \" + toString({[MQTT Engine]Edge Nodes/TEST/T1/AQ/Aquaponic1/AquaponicGrowBed/AIT_T2_01/Desc})"
                  },
                  "type": "expr"
                }
              },
              "props.state": {
                "binding": {
                  "config": {
                    "expression": "if({[MQTT Engine]Edge Nodes/TEST/T1/AQ/Aquaponic1/AquaponicGrowBed/AIT_T2_01/Fault},\r\n    \"faulted\",\r\n    if({[MQTT Engine]Edge Nodes/TEST/T1/AQ/Aquaponic1/AquaponicGrowBed/AIT_T2_01/PV} \u003e {[MQTT Engine]Edge Nodes/TEST/T1/AQ/Aquaponic1/AquaponicGrowBed/AIT_T2_01/HH}\r\n        || {[MQTT Engine]Edge Nodes/TEST/T1/AQ/Aquaponic1/AquaponicGrowBed/AIT_T2_01/PV} \u003c {[MQTT Engine]Edge Nodes/TEST/T1/AQ/Aquaponic1/AquaponicGrowBed/AIT_T2_01/LL},\r\n        \"faulted\",\r\n        \"stopped\"))\r\n"
                  },
                  "type": "expr"
                }
              },
              "props.value.text": {
                "binding": {
                  "config": {
                    "expression": "ToString(round({[MQTT Engine]Edge Nodes/TEST/T1/AQ/Aquaponic1/AquaponicGrowBed/AIT_T2_01/PV}, 2) +\" \" + {[MQTT Engine]Edge Nodes/TEST/T1/AQ/Aquaponic1/AquaponicGrowBed/AIT_T2_01/EU})"
                  },
                  "type": "expr"
                }
              }
            },
            "props": {
              "appearance": "mimic",
              "label": {
                "location": "right"
              },
              "orientation": "left",
              "value": {
                "location": "right"
              }
            },
            "type": "ia.symbol.sensor"
          },
          {
            "events": {
              "dom": {
                "onClick": {
                  "config": {
                    "draggable": true,
                    "id": "vbIDWDZG",
                    "modal": false,
                    "overlayDismiss": false,
                    "resizable": true,
                    "showCloseIcon": true,
                    "title": "C°",
                    "type": "open",
                    "viewPath": "P_TIT_T2_01",
                    "viewportBound": false
                  },
                  "scope": "C",
                  "type": "popup"
                }
              }
            },
            "meta": {
              "name": "Sensor_7"
            },
            "position": {
              "height": 79.73,
              "width": 240.88,
              "x": 1126.01,
              "y": 303.22834350585936
            },
            "propConfig": {
              "props.label.text": {
                "binding": {
                  "config": {
                    "expression": "toString({[MQTT Engine]Edge Nodes/TEST/T1/AQ/Aquaponic1/AquaponicGrowBed/TIT_T2_01/Name}) + \" - \" + toString({[MQTT Engine]Edge Nodes/TEST/T1/AQ/Aquaponic1/AquaponicGrowBed/TIT_T2_01/Desc})"
                  },
                  "type": "expr"
                }
              },
              "props.state": {
                "binding": {
                  "config": {
                    "expression": "if({[MQTT Engine]Edge Nodes/TEST/T1/AQ/Aquaponic1/AquaponicGrowBed/TIT_T2_01/Fault},\r\n    \"faulted\",\r\n    if({[MQTT Engine]Edge Nodes/TEST/T1/AQ/Aquaponic1/AquaponicGrowBed/TIT_T2_01/PV} \u003e {[MQTT Engine]Edge Nodes/TEST/T1/AQ/Aquaponic1/AquaponicGrowBed/TIT_T2_01/HH}\r\n        || {[MQTT Engine]Edge Nodes/TEST/T1/AQ/Aquaponic1/AquaponicGrowBed/TIT_T2_01/PV} \u003c {[MQTT Engine]Edge Nodes/TEST/T1/AQ/Aquaponic1/AquaponicGrowBed/TIT_T2_01/LL},\r\n        \"faulted\",\r\n        \"stopped\"))\r\n"
                  },
                  "type": "expr"
                }
              },
              "props.value.text": {
                "binding": {
                  "config": {
                    "expression": "toString(round({[MQTT Engine]Edge Nodes/TEST/T1/AQ/Aquaponic1/AquaponicGrowBed/TIT_T2_01/PV},2)) + \"  \" + toString({[MQTT Engine]Edge Nodes/TEST/T1/AQ/Aquaponic1/AquaponicGrowBed/TIT_T2_01/EU})"
                  },
                  "type": "expr"
                }
              }
            },
            "props": {
              "appearance": "mimic",
              "label": {
                "location": "right"
              },
              "orientation": "left",
              "value": {
                "location": "right"
              }
            },
            "type": "ia.symbol.sensor"
          },
          {
            "meta": {
              "name": "Label_1"
            },
            "position": {
              "height": 62,
              "width": 272,
              "x": 876.928,
              "y": 79.00324350585937
            },
            "props": {
              "style": {
                "fontSize": "20px",
                "fontWeight": "900"
              },
              "text": "H1 : Aquaponic Grow Bed"
            },
            "type": "ia.display.label"
          },
          {
            "children": [
              {
                "meta": {
                  "name": "Label_1"
                },
                "position": {
                  "basis": "26px"
                },
                "props": {
                  "style": {
                    "fontSize": "16px",
                    "fontWeight": "900",
                    "textAlign": "center"
                  },
                  "text": "Configuraciones"
                },
                "type": "ia.display.label"
              },
              {
                "children": [
                  {
                    "meta": {
                      "name": "Label_1"
                    },
                    "position": {
                      "basis": "28px"
                    },
                    "propConfig": {
                      "props.text": {
                        "binding": {
                          "config": {
                            "expression": "toString({[MQTT Engine]Edge Nodes/TEST/T1/AQ/Aquaponic1/AquaponicGrowBed/AIT_T2_01/Name}) + \" - \" + toString({[MQTT Engine]Edge Nodes/TEST/T1/AQ/Aquaponic1/AquaponicGrowBed/AIT_T2_01/Desc})"
                          },
                          "type": "expr"
                        }
                      }
                    },
                    "props": {
                      "style": {
                        "backgroundColor": "#C6C6C6CF",
                        "color": "#555555",
                        "fontSize": "16px",
                        "fontWeight": "900",
                        "textAlign": "center"
                      }
                    },
                    "type": "ia.display.label"
                  },
                  {
                    "children": [
                      {
                        "meta": {
                          "name": "Label"
                        },
                        "position": {
                          "basis": "200px",
                          "shrink": 0
                        },
                        "props": {
                          "style": {
                            "borderStyle": "none"
                          },
                          "text": "Max Value:"
                        },
                        "type": "ia.display.label"
                      },
                      {
                        "meta": {
                          "name": "Label_0"
                        },
                        "position": {
                          "basis": "100px",
                          "grow": 1
                        },
                        "propConfig": {
                          "props.text": {
                            "binding": {
                              "config": {
                                "fallbackDelay": 2.5,
                                "mode": "direct",
                                "publishInitial": false,
                                "tagPath": "[MQTT Engine]Edge Nodes/TEST/T1/AQ/Aquaponic1/AquaponicGrowBed/AIT_T2_01/MAX"
                              },
                              "type": "tag"
                            }
                          }
                        },
                        "props": {
                          "style": {
                            "backgroundColor": "#FFFFFF",
                            "borderStyle": "groove",
                            "color": "#00D900",
                            "fontWeight": "bold"
                          }
                        },
                        "type": "ia.display.label"
                      }
                    ],
                    "meta": {
                      "name": "FlexContainer_1"
                    },
                    "position": {
                      "basis": "50px"
                    },
                    "props": {
                      "alignContent": "center",
                      "alignItems": "center",
                      "style": {
                        "gap": "10px"
                      }
                    },
                    "type": "ia.container.flex"
                  },
                  {
                    "children": [
                      {
                        "meta": {
                          "name": "Label"
                        },
                        "position": {
                          "basis": "200px",
                          "shrink": 0
                        },
                        "props": {
                          "style": {
                            "borderStyle": "none"
                          },
                          "text": "Minimun Value:"
                        },
                        "type": "ia.display.label"
                      },
                      {
                        "meta": {
                          "name": "Label_0"
                        },
                        "position": {
                          "basis": "100px",
                          "grow": 1
                        },
                        "propConfig": {
                          "props.text": {
                            "binding": {
                              "config": {
                                "fallbackDelay": 2.5,
                                "mode": "direct",
                                "publishInitial": false,
                                "tagPath": "[MQTT Engine]Edge Nodes/TEST/T1/AQ/Aquaponic1/AquaponicGrowBed/AIT_T2_01/MIN"
                              },
                              "type": "tag"
                            }
                          }
                        },
                        "props": {
                          "style": {
                            "backgroundColor": "#FFFFFF",
                            "borderStyle": "groove",
                            "color": "#00D900",
                            "fontWeight": "bold"
                          }
                        },
                        "type": "ia.display.label"
                      }
                    ],
                    "meta": {
                      "name": "FlexContainer_2"
                    },
                    "position": {
                      "basis": "50px"
                    },
                    "props": {
                      "alignContent": "center",
                      "alignItems": "center",
                      "style": {
                        "gap": "10px"
                      }
                    },
                    "type": "ia.container.flex"
                  },
                  {
                    "children": [
                      {
                        "meta": {
                          "name": "Label"
                        },
                        "position": {
                          "basis": "200px",
                          "shrink": 0
                        },
                        "props": {
                          "style": {
                            "borderStyle": "none"
                          },
                          "text": "Unit Engineer:"
                        },
                        "type": "ia.display.label"
                      },
                      {
                        "meta": {
                          "name": "Label_0"
                        },
                        "position": {
                          "basis": "100px",
                          "grow": 1
                        },
                        "propConfig": {
                          "props.text": {
                            "binding": {
                              "config": {
                                "fallbackDelay": 2.5,
                                "mode": "direct",
                                "publishInitial": false,
                                "tagPath": "[MQTT Engine]Edge Nodes/TEST/T1/AQ/Aquaponic1/AquaponicGrowBed/AIT_T2_01/EU"
                              },
                              "type": "tag"
                            }
                          }
                        },
                        "props": {
                          "style": {
                            "backgroundColor": "#FFFFFF",
                            "borderStyle": "groove",
                            "color": "#00D900",
                            "fontWeight": "bold"
                          }
                        },
                        "type": "ia.display.label"
                      }
                    ],
                    "meta": {
                      "name": "FlexContainer_3"
                    },
                    "position": {
                      "basis": "50px"
                    },
                    "props": {
                      "alignContent": "center",
                      "alignItems": "center",
                      "style": {
                        "gap": "10px"
                      }
                    },
                    "type": "ia.container.flex"
                  },
                  {
                    "children": [
                      {
                        "meta": {
                          "name": "Label"
                        },
                        "position": {
                          "basis": "200px",
                          "shrink": 0
                        },
                        "props": {
                          "style": {
                            "borderStyle": "none"
                          },
                          "text": "High High Alarm:"
                        },
                        "type": "ia.display.label"
                      },
                      {
                        "meta": {
                          "name": "Label_0"
                        },
                        "position": {
                          "basis": "100px",
                          "grow": 1
                        },
                        "propConfig": {
                          "props.text": {
                            "binding": {
                              "config": {
                                "fallbackDelay": 2.5,
                                "mode": "direct",
                                "publishInitial": false,
                                "tagPath": "[MQTT Engine]Edge Nodes/TEST/T1/AQ/Aquaponic1/AquaponicGrowBed/AIT_T2_01/HH"
                              },
                              "type": "tag"
                            }
                          }
                        },
                        "props": {
                          "style": {
                            "backgroundColor": "#FFFFFF",
                            "borderStyle": "groove",
                            "color": "#00D900",
                            "fontWeight": "bold"
                          }
                        },
                        "type": "ia.display.label"
                      }
                    ],
                    "meta": {
                      "name": "FlexContainer_4"
                    },
                    "position": {
                      "basis": "50px"
                    },
                    "props": {
                      "alignContent": "center",
                      "alignItems": "center",
                      "style": {
                        "gap": "10px"
                      }
                    },
                    "type": "ia.container.flex"
                  },
                  {
                    "children": [
                      {
                        "meta": {
                          "name": "Label"
                        },
                        "position": {
                          "basis": "200px",
                          "shrink": 0
                        },
                        "props": {
                          "style": {
                            "borderStyle": "none"
                          },
                          "text": "Low Low Alarm:"
                        },
                        "type": "ia.display.label"
                      },
                      {
                        "meta": {
                          "name": "Label_0"
                        },
                        "position": {
                          "basis": "100px",
                          "grow": 1
                        },
                        "propConfig": {
                          "props.text": {
                            "binding": {
                              "config": {
                                "fallbackDelay": 2.5,
                                "mode": "direct",
                                "publishInitial": false,
                                "tagPath": "[MQTT Engine]Edge Nodes/TEST/T1/AQ/Aquaponic1/AquaponicGrowBed/AIT_T2_01/LL"
                              },
                              "type": "tag"
                            }
                          }
                        },
                        "props": {
                          "style": {
                            "backgroundColor": "#FFFFFF",
                            "borderStyle": "groove",
                            "color": "#00D900",
                            "fontWeight": "bold"
                          }
                        },
                        "type": "ia.display.label"
                      }
                    ],
                    "meta": {
                      "name": "FlexContainer_5"
                    },
                    "position": {
                      "basis": "50px"
                    },
                    "props": {
                      "alignContent": "center",
                      "alignItems": "center",
                      "style": {
                        "gap": "10px"
                      }
                    },
                    "type": "ia.container.flex"
                  }
                ],
                "meta": {
                  "name": "FlexContainer"
                },
                "position": {
                  "basis": "187px"
                },
                "props": {
                  "direction": "column"
                },
                "type": "ia.container.flex"
              },
              {
                "children": [
                  {
                    "meta": {
                      "name": "Label_1"
                    },
                    "position": {
                      "basis": "28px"
                    },
                    "propConfig": {
                      "props.text": {
                        "binding": {
                          "config": {
                            "expression": "toString({[MQTT Engine]Edge Nodes/TEST/T1/AQ/Aquaponic1/AquaponicGrowBed/EIT_T2_01/Name}) + \" - \" + toString({[MQTT Engine]Edge Nodes/TEST/T1/AQ/Aquaponic1/AquaponicGrowBed/EIT_T2_01/Desc})"
                          },
                          "type": "expr"
                        }
                      }
                    },
                    "props": {
                      "style": {
                        "backgroundColor": "#C6C6C6CF",
                        "color": "#555555",
                        "fontSize": "16px",
                        "fontWeight": "900",
                        "textAlign": "center"
                      }
                    },
                    "type": "ia.display.label"
                  },
                  {
                    "children": [
                      {
                        "meta": {
                          "name": "Label"
                        },
                        "position": {
                          "basis": "200px",
                          "shrink": 0
                        },
                        "props": {
                          "style": {
                            "borderStyle": "none"
                          },
                          "text": "Max Value:"
                        },
                        "type": "ia.display.label"
                      },
                      {
                        "meta": {
                          "name": "Label_0"
                        },
                        "position": {
                          "basis": "100px",
                          "grow": 1
                        },
                        "propConfig": {
                          "props.text": {
                            "binding": {
                              "config": {
                                "fallbackDelay": 2.5,
                                "mode": "direct",
                                "publishInitial": false,
                                "tagPath": "[MQTT Engine]Edge Nodes/TEST/T1/AQ/Aquaponic1/AquaponicGrowBed/EIT_T2_01/MAX"
                              },
                              "type": "tag"
                            }
                          }
                        },
                        "props": {
                          "style": {
                            "backgroundColor": "#FFFFFF",
                            "borderStyle": "groove",
                            "color": "#00D900",
                            "fontWeight": "bold"
                          }
                        },
                        "type": "ia.display.label"
                      }
                    ],
                    "meta": {
                      "name": "FlexContainer_1"
                    },
                    "position": {
                      "basis": "50px"
                    },
                    "props": {
                      "alignContent": "center",
                      "alignItems": "center",
                      "style": {
                        "gap": "10px"
                      }
                    },
                    "type": "ia.container.flex"
                  },
                  {
                    "children": [
                      {
                        "meta": {
                          "name": "Label"
                        },
                        "position": {
                          "basis": "200px",
                          "shrink": 0
                        },
                        "props": {
                          "style": {
                            "borderStyle": "none"
                          },
                          "text": "Minimun Value:"
                        },
                        "type": "ia.display.label"
                      },
                      {
                        "meta": {
                          "name": "Label_0"
                        },
                        "position": {
                          "basis": "100px",
                          "grow": 1
                        },
                        "propConfig": {
                          "props.text": {
                            "binding": {
                              "config": {
                                "fallbackDelay": 2.5,
                                "mode": "direct",
                                "publishInitial": false,
                                "tagPath": "[MQTT Engine]Edge Nodes/TEST/T1/AQ/Aquaponic1/AquaponicGrowBed/EIT_T2_01/MIN"
                              },
                              "type": "tag"
                            }
                          }
                        },
                        "props": {
                          "style": {
                            "backgroundColor": "#FFFFFF",
                            "borderStyle": "groove",
                            "color": "#00D900",
                            "fontWeight": "bold"
                          }
                        },
                        "type": "ia.display.label"
                      }
                    ],
                    "meta": {
                      "name": "FlexContainer_2"
                    },
                    "position": {
                      "basis": "50px"
                    },
                    "props": {
                      "alignContent": "center",
                      "alignItems": "center",
                      "style": {
                        "gap": "10px"
                      }
                    },
                    "type": "ia.container.flex"
                  },
                  {
                    "children": [
                      {
                        "meta": {
                          "name": "Label"
                        },
                        "position": {
                          "basis": "200px",
                          "shrink": 0
                        },
                        "props": {
                          "style": {
                            "borderStyle": "none"
                          },
                          "text": "Unit Engineer:"
                        },
                        "type": "ia.display.label"
                      },
                      {
                        "meta": {
                          "name": "Label_0"
                        },
                        "position": {
                          "basis": "100px",
                          "grow": 1
                        },
                        "propConfig": {
                          "props.text": {
                            "binding": {
                              "config": {
                                "fallbackDelay": 2.5,
                                "mode": "direct",
                                "publishInitial": false,
                                "tagPath": "[MQTT Engine]Edge Nodes/TEST/T1/AQ/Aquaponic1/AquaponicGrowBed/EIT_T2_01/EU"
                              },
                              "type": "tag"
                            }
                          }
                        },
                        "props": {
                          "style": {
                            "backgroundColor": "#FFFFFF",
                            "borderStyle": "groove",
                            "color": "#00D900",
                            "fontWeight": "bold"
                          }
                        },
                        "type": "ia.display.label"
                      }
                    ],
                    "meta": {
                      "name": "FlexContainer_3"
                    },
                    "position": {
                      "basis": "50px"
                    },
                    "props": {
                      "alignContent": "center",
                      "alignItems": "center",
                      "style": {
                        "gap": "10px"
                      }
                    },
                    "type": "ia.container.flex"
                  },
                  {
                    "children": [
                      {
                        "meta": {
                          "name": "Label"
                        },
                        "position": {
                          "basis": "200px",
                          "shrink": 0
                        },
                        "props": {
                          "style": {
                            "borderStyle": "none"
                          },
                          "text": "High High Alarm:"
                        },
                        "type": "ia.display.label"
                      },
                      {
                        "meta": {
                          "name": "Label_0"
                        },
                        "position": {
                          "basis": "100px",
                          "grow": 1
                        },
                        "propConfig": {
                          "props.text": {
                            "binding": {
                              "config": {
                                "fallbackDelay": 2.5,
                                "mode": "direct",
                                "publishInitial": false,
                                "tagPath": "[MQTT Engine]Edge Nodes/TEST/T1/AQ/Aquaponic1/AquaponicGrowBed/EIT_T2_01/HH"
                              },
                              "type": "tag"
                            }
                          }
                        },
                        "props": {
                          "style": {
                            "backgroundColor": "#FFFFFF",
                            "borderStyle": "groove",
                            "color": "#00D900",
                            "fontWeight": "bold"
                          }
                        },
                        "type": "ia.display.label"
                      }
                    ],
                    "meta": {
                      "name": "FlexContainer_4"
                    },
                    "position": {
                      "basis": "50px"
                    },
                    "props": {
                      "alignContent": "center",
                      "alignItems": "center",
                      "style": {
                        "gap": "10px"
                      }
                    },
                    "type": "ia.container.flex"
                  },
                  {
                    "children": [
                      {
                        "meta": {
                          "name": "Label"
                        },
                        "position": {
                          "basis": "200px",
                          "shrink": 0
                        },
                        "props": {
                          "style": {
                            "borderStyle": "none"
                          },
                          "text": "Low Low Alarm:"
                        },
                        "type": "ia.display.label"
                      },
                      {
                        "meta": {
                          "name": "Label_0"
                        },
                        "position": {
                          "basis": "100px",
                          "grow": 1
                        },
                        "propConfig": {
                          "props.text": {
                            "binding": {
                              "config": {
                                "fallbackDelay": 2.5,
                                "mode": "direct",
                                "publishInitial": false,
                                "tagPath": "[MQTT Engine]Edge Nodes/TEST/T1/AQ/Aquaponic1/AquaponicGrowBed/EIT_T2_01/LL"
                              },
                              "type": "tag"
                            }
                          }
                        },
                        "props": {
                          "style": {
                            "backgroundColor": "#FFFFFF",
                            "borderStyle": "groove",
                            "color": "#00D900",
                            "fontWeight": "bold"
                          }
                        },
                        "type": "ia.display.label"
                      }
                    ],
                    "meta": {
                      "name": "FlexContainer_5"
                    },
                    "position": {
                      "basis": "50px"
                    },
                    "props": {
                      "alignContent": "center",
                      "alignItems": "center",
                      "style": {
                        "gap": "10px"
                      }
                    },
                    "type": "ia.container.flex"
                  }
                ],
                "meta": {
                  "name": "FlexContainer_1"
                },
                "position": {
                  "basis": "202px"
                },
                "props": {
                  "direction": "column"
                },
                "type": "ia.container.flex"
              },
              {
                "children": [
                  {
                    "meta": {
                      "name": "Label_1"
                    },
                    "position": {
                      "basis": "28px"
                    },
                    "propConfig": {
                      "props.text": {
                        "binding": {
                          "config": {
                            "expression": "toString({[MQTT Engine]Edge Nodes/TEST/T1/AQ/Aquaponic1/AquaponicGrowBed/TIT_T2_01/Name}) + \" - \" + toString({[MQTT Engine]Edge Nodes/TEST/T1/AQ/Aquaponic1/AquaponicGrowBed/TIT_T2_01/Desc})"
                          },
                          "type": "expr"
                        }
                      }
                    },
                    "props": {
                      "style": {
                        "backgroundColor": "#C6C6C6CF",
                        "color": "#555555",
                        "fontSize": "16px",
                        "fontWeight": "900",
                        "textAlign": "center"
                      }
                    },
                    "type": "ia.display.label"
                  },
                  {
                    "children": [
                      {
                        "meta": {
                          "name": "Label"
                        },
                        "position": {
                          "basis": "200px",
                          "shrink": 0
                        },
                        "props": {
                          "style": {
                            "borderStyle": "none"
                          },
                          "text": "Max Value:"
                        },
                        "type": "ia.display.label"
                      },
                      {
                        "meta": {
                          "name": "Label_0"
                        },
                        "position": {
                          "basis": "100px",
                          "grow": 1
                        },
                        "propConfig": {
                          "props.text": {
                            "binding": {
                              "config": {
                                "fallbackDelay": 2.5,
                                "mode": "direct",
                                "publishInitial": false,
                                "tagPath": "[MQTT Engine]Edge Nodes/TEST/T1/AQ/Aquaponic1/AquaponicGrowBed/TIT_T2_01/MAX"
                              },
                              "type": "tag"
                            }
                          }
                        },
                        "props": {
                          "style": {
                            "backgroundColor": "#FFFFFF",
                            "borderStyle": "groove",
                            "color": "#00D900",
                            "fontWeight": "bold"
                          }
                        },
                        "type": "ia.display.label"
                      }
                    ],
                    "meta": {
                      "name": "FlexContainer_1"
                    },
                    "position": {
                      "basis": "50px"
                    },
                    "props": {
                      "alignContent": "center",
                      "alignItems": "center",
                      "style": {
                        "gap": "10px"
                      }
                    },
                    "type": "ia.container.flex"
                  },
                  {
                    "children": [
                      {
                        "meta": {
                          "name": "Label"
                        },
                        "position": {
                          "basis": "200px",
                          "shrink": 0
                        },
                        "props": {
                          "style": {
                            "borderStyle": "none"
                          },
                          "text": "Minimun Value:"
                        },
                        "type": "ia.display.label"
                      },
                      {
                        "meta": {
                          "name": "Label_0"
                        },
                        "position": {
                          "basis": "100px",
                          "grow": 1
                        },
                        "propConfig": {
                          "props.text": {
                            "binding": {
                              "config": {
                                "fallbackDelay": 2.5,
                                "mode": "direct",
                                "publishInitial": false,
                                "tagPath": "[MQTT Engine]Edge Nodes/TEST/T1/AQ/Aquaponic1/AquaponicGrowBed/TIT_T2_01/MIN"
                              },
                              "type": "tag"
                            }
                          }
                        },
                        "props": {
                          "style": {
                            "backgroundColor": "#FFFFFF",
                            "borderStyle": "groove",
                            "color": "#00D900",
                            "fontWeight": "bold"
                          }
                        },
                        "type": "ia.display.label"
                      }
                    ],
                    "meta": {
                      "name": "FlexContainer_2"
                    },
                    "position": {
                      "basis": "50px"
                    },
                    "props": {
                      "alignContent": "center",
                      "alignItems": "center",
                      "style": {
                        "gap": "10px"
                      }
                    },
                    "type": "ia.container.flex"
                  },
                  {
                    "children": [
                      {
                        "meta": {
                          "name": "Label"
                        },
                        "position": {
                          "basis": "200px",
                          "shrink": 0
                        },
                        "props": {
                          "style": {
                            "borderStyle": "none"
                          },
                          "text": "Unit Engineer:"
                        },
                        "type": "ia.display.label"
                      },
                      {
                        "meta": {
                          "name": "Label_0"
                        },
                        "position": {
                          "basis": "100px",
                          "grow": 1
                        },
                        "propConfig": {
                          "props.text": {
                            "binding": {
                              "config": {
                                "fallbackDelay": 2.5,
                                "mode": "direct",
                                "publishInitial": false,
                                "tagPath": "[MQTT Engine]Edge Nodes/TEST/T1/AQ/Aquaponic1/AquaponicGrowBed/TIT_T2_01/EU"
                              },
                              "type": "tag"
                            }
                          }
                        },
                        "props": {
                          "style": {
                            "backgroundColor": "#FFFFFF",
                            "borderStyle": "groove",
                            "color": "#00D900",
                            "fontWeight": "bold"
                          }
                        },
                        "type": "ia.display.label"
                      }
                    ],
                    "meta": {
                      "name": "FlexContainer_3"
                    },
                    "position": {
                      "basis": "50px"
                    },
                    "props": {
                      "alignContent": "center",
                      "alignItems": "center",
                      "style": {
                        "gap": "10px"
                      }
                    },
                    "type": "ia.container.flex"
                  },
                  {
                    "children": [
                      {
                        "meta": {
                          "name": "Label"
                        },
                        "position": {
                          "basis": "200px",
                          "shrink": 0
                        },
                        "props": {
                          "style": {
                            "borderStyle": "none"
                          },
                          "text": "High High Alarm:"
                        },
                        "type": "ia.display.label"
                      },
                      {
                        "meta": {
                          "name": "Label_0"
                        },
                        "position": {
                          "basis": "100px",
                          "grow": 1
                        },
                        "propConfig": {
                          "props.text": {
                            "binding": {
                              "config": {
                                "fallbackDelay": 2.5,
                                "mode": "direct",
                                "publishInitial": false,
                                "tagPath": "[MQTT Engine]Edge Nodes/TEST/T1/AQ/Aquaponic1/AquaponicGrowBed/TIT_T2_01/HH"
                              },
                              "type": "tag"
                            }
                          }
                        },
                        "props": {
                          "style": {
                            "backgroundColor": "#FFFFFF",
                            "borderStyle": "groove",
                            "color": "#00D900",
                            "fontWeight": "bold"
                          }
                        },
                        "type": "ia.display.label"
                      }
                    ],
                    "meta": {
                      "name": "FlexContainer_4"
                    },
                    "position": {
                      "basis": "50px"
                    },
                    "props": {
                      "alignContent": "center",
                      "alignItems": "center",
                      "style": {
                        "gap": "10px"
                      }
                    },
                    "type": "ia.container.flex"
                  },
                  {
                    "children": [
                      {
                        "meta": {
                          "name": "Label"
                        },
                        "position": {
                          "basis": "200px",
                          "shrink": 0
                        },
                        "props": {
                          "style": {
                            "borderStyle": "none"
                          },
                          "text": "Low Low Alarm:"
                        },
                        "type": "ia.display.label"
                      },
                      {
                        "meta": {
                          "name": "Label_0"
                        },
                        "position": {
                          "basis": "100px",
                          "grow": 1
                        },
                        "propConfig": {
                          "props.text": {
                            "binding": {
                              "config": {
                                "fallbackDelay": 2.5,
                                "mode": "direct",
                                "publishInitial": false,
                                "tagPath": "[MQTT Engine]Edge Nodes/TEST/T1/AQ/Aquaponic1/AquaponicGrowBed/TIT_T2_01/LL"
                              },
                              "type": "tag"
                            }
                          }
                        },
                        "props": {
                          "style": {
                            "backgroundColor": "#FFFFFF",
                            "borderStyle": "groove",
                            "color": "#00D900",
                            "fontWeight": "bold"
                          }
                        },
                        "type": "ia.display.label"
                      }
                    ],
                    "meta": {
                      "name": "FlexContainer_5"
                    },
                    "position": {
                      "basis": "50px"
                    },
                    "props": {
                      "alignContent": "center",
                      "alignItems": "center",
                      "style": {
                        "gap": "10px"
                      }
                    },
                    "type": "ia.container.flex"
                  }
                ],
                "meta": {
                  "name": "FlexContainer_2"
                },
                "position": {
                  "basis": "201px"
                },
                "props": {
                  "direction": "column"
                },
                "type": "ia.container.flex"
              }
            ],
            "meta": {
              "name": "FlexContainer"
            },
            "position": {
              "height": 632,
              "width": 378,
              "x": 78.62,
              "y": 162.2183740234375
            },
            "props": {
              "direction": "column",
              "style": {
                "backgroundColor": "#e5e5e5",
                "borderStyle": "groove"
              }
            },
            "type": "ia.container.flex"
          },
          {
            "events": {
              "dom": {
                "onClick": {
                  "config": {
                    "page": "/acuaculture"
                  },
                  "scope": "C",
                  "type": "nav"
                }
              }
            },
            "meta": {
              "name": "Label_0"
            },
            "position": {
              "height": 60,
              "width": 160,
              "x": 662,
              "y": 206.70834350585938
            },
            "props": {
              "style": {
                "backgroundColor": "#FFFFFF",
                "borderRadius": "0px 30px 30px 0px",
                "borderStyle": "groove",
                "color": "#2B2B2B",
                "fontWeight": "bold",
                "padding": "5px 15px"
              },
              "text": "T1: Fish Tank"
            },
            "type": "ia.display.label"
          },
          {
            "events": {
              "dom": {
                "onClick": {
                  "config": {
                    "page": "/acuaculture"
                  },
                  "scope": "C",
                  "type": "nav"
                }
              }
            },
            "meta": {
              "name": "Label_2"
            },
            "position": {
              "height": 60,
              "width": 160,
              "x": 662,
              "y": 644.9763435058594
            },
            "props": {
              "style": {
                "backgroundColor": "#FFFFFF",
                "borderRadius": "0px 30px 30px 0px",
                "borderStyle": "groove",
                "color": "#2B2B2B",
                "fontWeight": "bold",
                "padding": "5px 15px"
              },
              "text": "T1: Fish Tank"
            },
            "type": "ia.display.label"
          },
          {
            "meta": {
              "name": "Label_3"
            },
            "position": {
              "height": 62,
              "rotate": {
                "anchor": "50% 142%"
              },
              "width": 272,
              "x": 878.83,
              "y": 815.4363435058593
            },
            "props": {
              "style": {
                "fontSize": "20px",
                "fontWeight": "900"
              },
              "text": "T2 : Water Recovery Tank"
            },
            "type": "ia.display.label"
          },
          {
            "children": [
              {
                "meta": {
                  "name": "Vessel"
                },
                "position": {
                  "height": 206,
                  "width": 288,
                  "x": 7,
                  "y": 47
                },
                "props": {
                  "appearance": "simple",
                  "displayAgitator": false,
                  "displayStand": false,
                  "label": {
                    "location": "hidden"
                  },
                  "liquidColor": "#CCCCFF",
                  "orientation": "horizontal",
                  "value": {
                    "displayValueAsPercent": false,
                    "location": "hidden",
                    "value": 50
                  }
                },
                "type": "ia.symbol.vessel"
              }
            ],
            "meta": {
              "name": "Water_recovery_tank"
            },
            "position": {
              "height": 257,
              "width": 330,
              "x": 849,
              "y": 555.2463435058594
            },
            "type": "ia.container.coord"
          },
          {
            "children": [
              {
                "meta": {
                  "name": "Image_1"
                },
                "position": {
                  "height": 128,
                  "rotate": {
                    "anchor": "50% 75%"
                  },
                  "width": 149,
                  "x": 16.35,
                  "y": 58.66062500000001
                },
                "props": {
                  "fit": {
                    "mode": "fill"
                  },
                  "source": "/system/images/Builtin/icons/Acuaponia/hidroponia_2.png"
                },
                "type": "ia.display.image"
              },
              {
                "meta": {
                  "name": "Image_0"
                },
                "position": {
                  "height": 129,
                  "rotate": {
                    "anchor": "50% 75%"
                  },
                  "width": 142,
                  "x": 151.280625,
                  "y": 57.43
                },
                "props": {
                  "fit": {
                    "mode": "fill"
                  },
                  "source": "/system/images/Builtin/icons/Acuaponia/hidroponia_2.png"
                },
                "type": "ia.display.image"
              },
              {
                "meta": {
                  "name": "Vessel"
                },
                "position": {
                  "height": 206,
                  "width": 288,
                  "x": 7,
                  "y": 47
                },
                "props": {
                  "appearance": "simple",
                  "displayAgitator": false,
                  "displayStand": false,
                  "label": {
                    "location": "hidden"
                  },
                  "liquidColor": "#CCCCFF",
                  "orientation": "horizontal",
                  "value": {
                    "displayValueAsPercent": false,
                    "location": "hidden",
                    "value": 50
                  }
                },
                "type": "ia.symbol.vessel"
              }
            ],
            "meta": {
              "name": "Tanque_plantas"
            },
            "position": {
              "height": 258.14,
              "width": 359,
              "x": 849,
              "y": 112.08834350585937
            },
            "type": "ia.container.coord"
          },
          {
            "children": [
              {
                "meta": {
                  "name": "Tubo_peque"
                },
                "position": {
                  "height": 40,
                  "width": 60
                },
                "props": {
                  "fit": {
                    "mode": "fill"
                  },
                  "source": "/system/images/Builtin/icons/Acuaponia/Recta_pequeña.png"
                },
                "type": "ia.display.image"
              }
            ],
            "meta": {
              "name": "CoordinateContainer"
            },
            "position": {
              "height": 40,
              "width": 60,
              "x": 811,
              "y": 652.8363435058594
            },
            "type": "ia.container.coord"
          },
          {
            "children": [
              {
                "meta": {
                  "name": "Tubo_peque"
                },
                "position": {
                  "height": 40,
                  "width": 60
                },
                "props": {
                  "fit": {
                    "mode": "fill"
                  },
                  "source": "/system/images/Builtin/icons/Acuaponia/Recta_pequeña.png"
                },
                "type": "ia.display.image"
              }
            ],
            "meta": {
              "name": "CoordinateContainer_0"
            },
            "position": {
              "height": 40,
              "width": 60,
              "x": 812.073,
              "y": 216.5683435058594
            },
            "type": "ia.container.coord"
          },
          {
            "children": [
              {
                "meta": {
                  "name": "Image"
                },
                "position": {
                  "height": 1,
                  "width": 1
                },
                "props": {
                  "fit": {
                    "mode": "fill"
                  },
                  "source": "/system/images/Builtin/icons/Acuaponia/tuberia_recta.png"
                },
                "type": "ia.display.image"
              }
            ],
            "meta": {
              "name": "Tubo_largo_1"
            },
            "position": {
              "height": 41,
              "rotate": {
                "angle": "90deg"
              },
              "width": 268,
              "x": 865.268,
              "y": 464.7483435058594
            },
            "props": {
              "mode": "percent"
            },
            "type": "ia.container.coord"
          }
        ],
        "meta": {
          "name": "CoordinateContainer"
        },
        "position": {
          "height": 0.899,
          "width": 0.9862,
          "x": 0.0084,
          "y": 0.088
        },
        "type": "ia.container.coord"
      }
    ],
    "meta": {
      "name": "root"
    },
    "position": {
      "x": 0.0013,
      "y": 0.005
    },
    "props": {
      "mode": "percent"
    },
    "type": "ia.container.coord"
  }
}