{
  "custom": {},
  "params": {},
  "props": {
    "defaultSize": {
      "width": 1600
    }
  },
  "root": {
    "children": [
      {
        "meta": {
          "name": "AlarmStatusTable"
        },
        "position": {
          "height": 0.8462,
          "width": 0.9675,
          "x": 0.0169,
          "y": 0.0449
        },
        "props": {
          "filters": {
            "active": {
              "priorities": {
                "critical": false,
                "high": false,
                "low": false,
                "medium": false
              },
              "states": {
                "activeAcked": false,
                "activeUnacked": false,
                "clearUnacked": false
              }
            }
          }
        },
        "type": "ia.display.alarmstatustable"
      },
      {
        "events": {
          "component": {
            "onActionPerformed": {
              "config": {
                "page": "/Home"
              },
              "scope": "C",
              "type": "nav"
            }
          }
        },
        "meta": {
          "name": "Button"
        },
        "position": {
          "height": 0.0625,
          "width": 0.08,
          "x": 0.0157,
          "y": 0.8937
        },
        "props": {
          "style": {
            "backgroundColor": "#1C4C9CE3"
          },
          "text": "Back"
        },
        "type": "ia.input.button"
      }
    ],
    "meta": {
      "name": "root"
    },
    "position": {
      "x": 0.0006,
      "y": 0.0338
    },
    "props": {
      "mode": "percent"
    },
    "type": "ia.container.coord"
  }
}