{
  "custom": {},
  "params": {},
  "props": {
    "defaultSize": {
      "height": 1254,
      "width": 1600
    }
  },
  "root": {
    "children": [
      {
        "children": [
          {
            "meta": {
              "name": "Image"
            },
            "position": {
              "basis": "150px"
            },
            "props": {
              "fit": {
                "mode": "fill"
              },
              "source": "/system/images/Builtin/icons/Acuaponia/Idom.png"
            },
            "type": "ia.display.image"
          },
          {
            "children": [
              {
                "events": {
                  "component": {
                    "onActionPerformed": {
                      "config": {
                        "page": "/Home"
                      },
                      "scope": "C",
                      "type": "nav"
                    }
                  }
                },
                "meta": {
                  "name": "Button"
                },
                "position": {
                  "breakpoints": [
                    {
                      "colIndex": 0,
                      "name": "sm",
                      "order": 1,
                      "rowIndex": 0,
                      "span": 6
                    },
                    {
                      "colIndex": -34,
                      "name": "md",
                      "order": 1,
                      "rowIndex": 0,
                      "span": 1
                    },
                    {
                      "colIndex": -34,
                      "name": "lg",
                      "order": 1,
                      "rowIndex": 0,
                      "span": 1
                    }
                  ],
                  "height": 109
                },
                "props": {
                  "style": {
                    "backgroundColor": "#1C4C9CE3"
                  },
                  "text": "Home"
                },
                "type": "ia.input.button"
              },
              {
                "events": {
                  "component": {
                    "onActionPerformed": {
                      "config": {
                        "page": "/Alarm"
                      },
                      "scope": "C",
                      "type": "nav"
                    }
                  }
                },
                "meta": {
                  "name": "Button_0"
                },
                "position": {
                  "breakpoints": [
                    {
                      "colIndex": 6,
                      "name": "sm",
                      "order": 1,
                      "rowIndex": 0,
                      "span": 6
                    },
                    {
                      "colIndex": -34,
                      "name": "md",
                      "order": 1,
                      "rowIndex": 0,
                      "span": 1
                    },
                    {
                      "colIndex": -34,
                      "name": "lg",
                      "order": 1,
                      "rowIndex": 0,
                      "span": 1
                    }
                  ],
                  "height": 109
                },
                "props": {
                  "style": {
                    "backgroundColor": "#E61E54"
                  },
                  "text": "Alarm"
                },
                "type": "ia.input.button"
              }
            ],
            "meta": {
              "name": "ColumnContainer"
            },
            "position": {
              "basis": "200px"
            },
            "type": "ia.container.column"
          },
          {
            "meta": {
              "name": "Aquaponic-Module 1"
            },
            "position": {
              "basis": "170px"
            },
            "props": {
              "style": {
                "fontWeight": "bold"
              },
              "text": "Aquaponic_Module 1"
            },
            "type": "ia.display.label"
          }
        ],
        "meta": {
          "name": "FlexContainer"
        },
        "position": {
          "height": 0.126,
          "width": 0.9988
        },
        "props": {
          "justify": "space-around",
          "style": {
            "backgroundColor": "#e5e5e5",
            "borderColor": "#B8B8B8",
            "borderStyle": "solid",
            "borderWidth": 3
          }
        },
        "type": "ia.container.flex"
      },
      {
        "children": [
          {
            "children": [
              {
                "meta": {
                  "name": "Image"
                },
                "position": {
                  "height": 80,
                  "rotate": {
                    "angle": "270deg"
                  },
                  "width": 80
                },
                "props": {
                  "fit": {
                    "mode": "fill"
                  },
                  "source": "/system/images/Builtin/icons/Acuaponia/Media_curva.png"
                },
                "type": "ia.display.image"
              }
            ],
            "meta": {
              "name": "Tubo_curvo_1"
            },
            "position": {
              "height": 112.87,
              "width": 92.82,
              "x": 408.7,
              "y": 168.218
            },
            "type": "ia.container.coord"
          },
          {
            "children": [
              {
                "meta": {
                  "name": "Image"
                },
                "position": {
                  "height": 80,
                  "rotate": {
                    "angle": "270deg"
                  },
                  "width": 80
                },
                "props": {
                  "fit": {
                    "mode": "fill"
                  },
                  "source": "/system/images/Builtin/icons/Acuaponia/Media_curva.png"
                },
                "type": "ia.display.image"
              }
            ],
            "meta": {
              "name": "Tubo_curvo_2"
            },
            "position": {
              "height": 108,
              "rotate": {
                "angle": "90deg"
              },
              "width": 107,
              "x": 911.91,
              "y": 165
            },
            "type": "ia.container.coord"
          },
          {
            "children": [
              {
                "meta": {
                  "name": "Valve"
                },
                "position": {
                  "height": 91,
                  "width": 115,
                  "x": 18.9868,
                  "y": 33.13
                },
                "propConfig": {
                  "props.label.text": {
                    "binding": {
                      "config": {
                        "expression": "toString({[MQTT Engine]Edge Nodes/TEST/T1/AQ/Aquaponic1/AquaponicGrowBed/Pump_T2_01/Name}) + \" - \" + toString({[MQTT Engine]Edge Nodes/TEST/T1/AQ/Aquaponic1/AquaponicGrowBed/Pump_T2_01/Desc})"
                      },
                      "type": "expr"
                    }
                  },
                  "props.state": {
                    "binding": {
                      "config": {
                        "expression": "if(\r\n    {[MQTT Engine]Edge Nodes/TEST/T1/AQ/Aquaponic1/AquaponicGrowBed/Pump_T2_01/fault} \u003d 1,\r\n    \"faulted\",\r\n    if(\r\n        {[MQTT Engine]Edge Nodes/TEST/T1/AQ/Aquaponic1/AquaponicGrowBed/Pump_T2_01/ValStatus} \u003d 2,\r\n        \"running\",\r\n        if(\r\n            {[MQTT Engine]Edge Nodes/TEST/T1/AQ/Aquaponic1/AquaponicGrowBed/Pump_T2_01/ValStatus} \u003d 1,\r\n            if(\r\n                {[MQTT Engine]Edge Nodes/TEST/T1/AQ/Aquaponic1/AquaponicGrowBed/Pump_T2_01/start} \u003d 1,\r\n                \"running\",\r\n                if(\r\n                    {[MQTT Engine]Edge Nodes/TEST/T1/AQ/Aquaponic1/AquaponicGrowBed/Pump_T2_01/stop} \u003d 1,\r\n                    \"stopped\",\r\n                    \"default\"\r\n                )\r\n            ),\r\n            \"default\"\r\n        )\r\n    )\r\n)\r\n"
                      },
                      "type": "expr"
                    }
                  },
                  "props.value.text": {
                    "binding": {
                      "config": {
                        "expression": "if(\r\n    {[MQTT Engine]Edge Nodes/TEST/T1/AQ/Aquaponic1/AquaponicGrowBed/Pump_T2_01/fault} \u003d 1,\r\n    \"Closed\",\r\n    if(\r\n        {[MQTT Engine]Edge Nodes/TEST/T1/AQ/Aquaponic1/AquaponicGrowBed/Pump_T2_01/ValStatus} \u003d 2,\r\n        \"Open\",\r\n        if(\r\n            {[MQTT Engine]Edge Nodes/TEST/T1/AQ/Aquaponic1/AquaponicGrowBed/Pump_T2_01/ValStatus} \u003d 1,\r\n            if(\r\n                {[MQTT Engine]Edge Nodes/TEST/T1/AQ/Aquaponic1/AquaponicGrowBed/Pump_T2_01/start} \u003d 1,\r\n                \"Open\",\r\n                if(\r\n                    {[MQTT Engine]Edge Nodes/TEST/T1/AQ/Aquaponic1/AquaponicGrowBed/Pump_T2_01/stop} \u003d 1,\r\n                    \"Closed\",\r\n                    \"Closed\"\r\n                )\r\n            ),\r\n            \"Closed\"\r\n        )\r\n    )\r\n)\r\n"
                      },
                      "type": "expr"
                    }
                  }
                },
                "props": {
                  "appearance": "p\u0026id",
                  "label": {
                    "location": "top"
                  },
                  "value": {
                    "location": "top"
                  }
                },
                "type": "ia.symbol.valve"
              }
            ],
            "meta": {
              "name": "Valvula"
            },
            "position": {
              "height": 148,
              "width": 158,
              "x": 855.49,
              "y": 82.97
            },
            "type": "ia.container.coord"
          },
          {
            "children": [
              {
                "meta": {
                  "name": "Image"
                },
                "position": {
                  "height": 35.02,
                  "width": 415
                },
                "props": {
                  "fit": {
                    "mode": "fill"
                  },
                  "source": "/system/images/Builtin/icons/Acuaponia/tuberia_recta.png"
                },
                "type": "ia.display.image"
              }
            ],
            "meta": {
              "name": "Tubo_largo_1"
            },
            "position": {
              "height": 53,
              "width": 419,
              "x": 506.497,
              "y": 172.25
            },
            "type": "ia.container.coord"
          },
          {
            "children": [
              {
                "meta": {
                  "name": "Image_1"
                },
                "position": {
                  "height": 130,
                  "rotate": {
                    "anchor": "50% 75%"
                  },
                  "width": 150,
                  "x": 8.35,
                  "y": 61.129999999999995
                },
                "props": {
                  "fit": {
                    "mode": "fill"
                  },
                  "source": "/system/images/Builtin/icons/Acuaponia/hidroponia_2.png"
                },
                "type": "ia.display.image"
              },
              {
                "meta": {
                  "name": "Image_0"
                },
                "position": {
                  "height": 130,
                  "rotate": {
                    "anchor": "50% 75%"
                  },
                  "width": 144,
                  "x": 142.89,
                  "y": 62.25
                },
                "props": {
                  "fit": {
                    "mode": "fill"
                  },
                  "source": "/system/images/Builtin/icons/Acuaponia/hidroponia_2.png"
                },
                "type": "ia.display.image"
              },
              {
                "meta": {
                  "name": "Vessel"
                },
                "position": {
                  "height": 206,
                  "width": 288,
                  "y": 52.5078125
                },
                "props": {
                  "appearance": "simple",
                  "displayAgitator": false,
                  "displayStand": false,
                  "label": {
                    "location": "hidden"
                  },
                  "liquidColor": "#CCCCFF",
                  "orientation": "horizontal",
                  "value": {
                    "displayValueAsPercent": false,
                    "location": "hidden",
                    "value": 50
                  }
                },
                "type": "ia.symbol.vessel"
              }
            ],
            "events": {
              "dom": {
                "onClick": {
                  "config": {
                    "params": {},
                    "view": "Hydroponics Process - Module 1"
                  },
                  "scope": "C",
                  "type": "nav"
                }
              }
            },
            "meta": {
              "name": "Tanque_plantas"
            },
            "position": {
              "height": 273,
              "width": 359,
              "x": 848,
              "y": 173.38
            },
            "type": "ia.container.coord"
          },
          {
            "children": [
              {
                "meta": {
                  "name": "pez_4"
                },
                "position": {
                  "height": 36,
                  "width": 38,
                  "x": 107.5,
                  "y": 192.5
                },
                "props": {
                  "fit": {
                    "mode": "fill"
                  },
                  "source": "/system/images/Builtin/icons/Acuaponia/pez.png"
                },
                "type": "ia.display.image"
              },
              {
                "meta": {
                  "name": "Pez_2"
                },
                "position": {
                  "height": 34,
                  "width": 37,
                  "x": 209.2,
                  "y": 161
                },
                "props": {
                  "fit": {
                    "mode": "fill"
                  },
                  "source": "/system/images/Builtin/icons/Acuaponia/pez.png"
                },
                "type": "ia.display.image"
              },
              {
                "meta": {
                  "name": "pez_3"
                },
                "position": {
                  "height": 31,
                  "rotate": {
                    "anchor": "25% 50%"
                  },
                  "width": 37,
                  "x": 130.74501525878907,
                  "y": 158.16
                },
                "props": {
                  "fit": {
                    "mode": "fill"
                  },
                  "source": "/system/images/Builtin/icons/Acuaponia/pez.png"
                },
                "type": "ia.display.image"
              },
              {
                "meta": {
                  "name": "pez_2"
                },
                "position": {
                  "height": 28,
                  "width": 30,
                  "x": 175.87,
                  "y": 189.16
                },
                "props": {
                  "fit": {
                    "mode": "fill"
                  },
                  "source": "/system/images/Builtin/icons/Acuaponia/pez.png"
                },
                "type": "ia.display.image"
              },
              {
                "meta": {
                  "name": "Pez_1"
                },
                "position": {
                  "height": 32,
                  "width": 36,
                  "x": 39.2,
                  "y": 183
                },
                "props": {
                  "fit": {
                    "mode": "fill"
                  },
                  "source": "/system/images/Builtin/icons/Acuaponia/pez.png"
                },
                "type": "ia.display.image"
              },
              {
                "meta": {
                  "name": "Vessel"
                },
                "position": {
                  "height": 206,
                  "width": 288,
                  "x": -0.02,
                  "y": 47
                },
                "props": {
                  "appearance": "simple",
                  "displayAgitator": false,
                  "displayStand": false,
                  "label": {
                    "location": "hidden"
                  },
                  "liquidColor": "#CCCCFF",
                  "orientation": "horizontal",
                  "value": {
                    "displayValueAsPercent": false,
                    "location": "hidden",
                    "value": 50
                  }
                },
                "type": "ia.symbol.vessel"
              }
            ],
            "events": {
              "dom": {
                "onClick": {
                  "config": {
                    "params": {},
                    "view": "Aquaculture Process - module 1"
                  },
                  "scope": "C",
                  "type": "nav"
                }
              }
            },
            "meta": {
              "name": "Tanque_peces"
            },
            "position": {
              "height": 257,
              "width": 299,
              "x": 345.88,
              "y": 180
            },
            "type": "ia.container.coord"
          },
          {
            "children": [
              {
                "meta": {
                  "name": "Image_0"
                },
                "position": {
                  "height": 35.02,
                  "width": 440,
                  "x": 9.29,
                  "y": 18.39
                },
                "props": {
                  "fit": {
                    "mode": "fill"
                  },
                  "source": "/system/images/Builtin/icons/Acuaponia/tuberia_recta.png"
                },
                "type": "ia.display.image"
              }
            ],
            "meta": {
              "name": "Tubo_largo_2"
            },
            "position": {
              "height": 91,
              "rotate": {
                "angle": "90deg"
              },
              "width": 453,
              "x": 763.8,
              "y": 588
            },
            "type": "ia.container.coord"
          },
          {
            "children": [
              {
                "meta": {
                  "name": "Vessel"
                },
                "position": {
                  "height": 206,
                  "width": 288,
                  "x": 7,
                  "y": 47
                },
                "props": {
                  "appearance": "simple",
                  "displayAgitator": false,
                  "displayStand": false,
                  "label": {
                    "location": "hidden"
                  },
                  "liquidColor": "#CCCCFF",
                  "orientation": "horizontal",
                  "value": {
                    "displayValueAsPercent": false,
                    "location": "hidden",
                    "value": 50
                  }
                },
                "type": "ia.symbol.vessel"
              }
            ],
            "events": {
              "dom": {
                "onClick": {
                  "config": {
                    "params": {},
                    "view": "Hydroponics Process - Module 1"
                  },
                  "scope": "C",
                  "type": "nav"
                }
              }
            },
            "meta": {
              "name": "Water_recovery_tank"
            },
            "position": {
              "height": 257,
              "width": 330,
              "x": 895,
              "y": 789.2723388671875
            },
            "type": "ia.container.coord"
          },
          {
            "children": [
              {
                "meta": {
                  "name": "Image"
                },
                "position": {
                  "height": 80,
                  "rotate": {
                    "angle": "270deg"
                  },
                  "width": 80
                },
                "props": {
                  "fit": {
                    "mode": "fill"
                  },
                  "source": "/system/images/Builtin/icons/Acuaponia/Media_curva.png"
                },
                "type": "ia.display.image"
              }
            ],
            "meta": {
              "name": "Tubo_curvo_3"
            },
            "position": {
              "height": 80,
              "rotate": {
                "angle": "180deg"
              },
              "width": 80,
              "x": 413.5007055664062,
              "y": 413.02
            },
            "type": "ia.container.coord"
          },
          {
            "children": [
              {
                "meta": {
                  "name": "Pump"
                },
                "position": {
                  "height": 129,
                  "width": 102
                },
                "propConfig": {
                  "props.label.text": {
                    "binding": {
                      "config": {
                        "expression": "toString({[MQTT Engine]Edge Nodes/TEST/T1/AQ/Aquaponic1/FishTank/Pump_T1_03/Name}) + \" - \" + toString({[MQTT Engine]Edge Nodes/TEST/T1/AQ/Aquaponic1/FishTank/Pump_T1_03/Desc})"
                      },
                      "type": "expr"
                    }
                  },
                  "props.state": {
                    "binding": {
                      "config": {
                        "expression": "if(\r\n    {[MQTT Engine]Edge Nodes/TEST/T1/AQ/Aquaponic1/FishTank/Pump_T1_03/fault} \u003d 1,\r\n    \"faulted\",\r\n    if(\r\n        {[MQTT Engine]Edge Nodes/TEST/T1/AQ/Aquaponic1/FishTank/Pump_T1_03/ValStatus} \u003d 2,\r\n        \"running\",\r\n        if(\r\n            {[MQTT Engine]Edge Nodes/TEST/T1/AQ/Aquaponic1/FishTank/Pump_T1_03/ValStatus} \u003d 1,\r\n            if(\r\n                {[MQTT Engine]Edge Nodes/TEST/T1/AQ/Aquaponic1/FishTank/Pump_T1_03/start} \u003d 1,\r\n                \"running\",\r\n                if(\r\n                    {[MQTT Engine]Edge Nodes/TEST/T1/AQ/Aquaponic1/FishTank/Pump_T1_03/stop} \u003d 1,\r\n                    \"stopped\",\r\n                    \"default\"\r\n                )\r\n            ),\r\n            \"default\"\r\n        )\r\n    )\r\n)\r\n"
                      },
                      "type": "expr"
                    }
                  }
                },
                "props": {
                  "appearance": "p\u0026id",
                  "label": {}
                },
                "type": "ia.symbol.pump"
              }
            ],
            "meta": {
              "name": "Bomba_2_peces"
            },
            "position": {
              "height": 144,
              "width": 115,
              "x": 343.862,
              "y": 451.416
            },
            "type": "ia.container.coord"
          },
          {
            "children": [
              {
                "meta": {
                  "name": "Image_0"
                },
                "position": {
                  "height": 32,
                  "width": 584
                },
                "props": {
                  "fit": {
                    "mode": "fill"
                  },
                  "source": "/system/images/Builtin/icons/Acuaponia/tuberia_recta.png"
                },
                "type": "ia.display.image"
              }
            ],
            "meta": {
              "name": "Tubo_largo_3"
            },
            "position": {
              "height": 32,
              "width": 593,
              "x": 252.63,
              "y": 966
            },
            "type": "ia.container.coord"
          },
          {
            "children": [
              {
                "meta": {
                  "name": "Tubo_peque"
                },
                "position": {
                  "height": 40,
                  "width": 60
                },
                "props": {
                  "fit": {
                    "mode": "fill"
                  },
                  "source": "/system/images/Builtin/icons/Acuaponia/Recta_pequeña.png"
                },
                "type": "ia.display.image"
              }
            ],
            "meta": {
              "name": "CoordinateContainer"
            },
            "position": {
              "height": 40,
              "width": 60,
              "x": 859.47,
              "y": 967.86
            },
            "type": "ia.container.coord"
          },
          {
            "children": [
              {
                "meta": {
                  "name": "Image"
                },
                "position": {
                  "height": 80,
                  "rotate": {
                    "angle": "270deg"
                  },
                  "width": 80
                },
                "props": {
                  "fit": {
                    "mode": "fill"
                  },
                  "source": "/system/images/Builtin/icons/Acuaponia/Media_curva.png"
                },
                "type": "ia.display.image"
              }
            ],
            "meta": {
              "name": "Tubo_curvo_4"
            },
            "position": {
              "height": 80,
              "width": 80,
              "x": 199,
              "y": 160
            },
            "type": "ia.container.coord"
          },
          {
            "children": [
              {
                "meta": {
                  "name": "Image"
                },
                "position": {
                  "height": 80,
                  "rotate": {
                    "angle": "270deg"
                  },
                  "width": 80
                },
                "props": {
                  "fit": {
                    "mode": "fill"
                  },
                  "source": "/system/images/Builtin/icons/Acuaponia/Media_curva.png"
                },
                "type": "ia.display.image"
              }
            ],
            "meta": {
              "name": "Tubo_curvo_5"
            },
            "position": {
              "height": 80,
              "rotate": {
                "angle": "270deg"
              },
              "width": 80,
              "x": 280.571,
              "y": 225.44
            },
            "type": "ia.container.coord"
          },
          {
            "children": [
              {
                "meta": {
                  "name": "Image"
                },
                "position": {
                  "height": 80,
                  "rotate": {
                    "angle": "270deg"
                  },
                  "width": 80
                },
                "props": {
                  "fit": {
                    "mode": "fill"
                  },
                  "source": "/system/images/Builtin/icons/Acuaponia/Media_curva.png"
                },
                "type": "ia.display.image"
              }
            ],
            "meta": {
              "name": "Tubo_curvo_6"
            },
            "position": {
              "height": 80,
              "rotate": {
                "angle": "90deg"
              },
              "width": 80,
              "x": 256,
              "y": 165
            },
            "type": "ia.container.coord"
          },
          {
            "children": [
              {
                "meta": {
                  "name": "Tubo_largo_4"
                },
                "position": {
                  "height": 32,
                  "width": 741
                },
                "props": {
                  "fit": {
                    "mode": "fill"
                  },
                  "source": "/system/images/Builtin/icons/Acuaponia/tuberia_recta.png"
                },
                "type": "ia.display.image"
              }
            ],
            "meta": {
              "name": "Tubo_largo_4"
            },
            "position": {
              "height": 32,
              "rotate": {
                "angle": "90deg"
              },
              "width": 769,
              "x": -161.95,
              "y": 581.95
            },
            "type": "ia.container.coord"
          },
          {
            "children": [
              {
                "meta": {
                  "name": "Image"
                },
                "position": {
                  "height": 80,
                  "rotate": {
                    "angle": "270deg"
                  },
                  "width": 80
                },
                "props": {
                  "fit": {
                    "mode": "fill"
                  },
                  "source": "/system/images/Builtin/icons/Acuaponia/Media_curva.png"
                },
                "type": "ia.display.image"
              }
            ],
            "meta": {
              "name": "Tubo_curvo_7"
            },
            "position": {
              "height": 80,
              "rotate": {
                "angle": "270deg"
              },
              "width": 80,
              "x": 196,
              "y": 925.45
            },
            "type": "ia.container.coord"
          },
          {
            "meta": {
              "name": "Label"
            },
            "position": {
              "height": 51.21,
              "width": 268.02,
              "x": 933.0799771118164,
              "y": 1023.3357824707032
            },
            "props": {
              "style": {
                "fontWeight": "bold"
              },
              "text": "T2: Water Recovery Tank"
            },
            "type": "ia.display.label"
          },
          {
            "meta": {
              "name": "Label_0"
            },
            "position": {
              "height": 51.21,
              "width": 272.19,
              "x": 897.88,
              "y": 78.223
            },
            "props": {
              "style": {
                "fontWeight": "bold"
              },
              "text": "H1:Aquaponic Grow Bed"
            },
            "type": "ia.display.label"
          },
          {
            "meta": {
              "name": "Label_1"
            },
            "position": {
              "height": 51.21,
              "width": 152.26,
              "x": 425.85481298828125,
              "y": 86.63482824707032
            },
            "props": {
              "style": {
                "fontWeight": "bolder"
              },
              "text": "T1: Fish Tank"
            },
            "type": "ia.display.label"
          },
          {
            "children": [
              {
                "meta": {
                  "name": "Pump"
                },
                "position": {
                  "height": 92,
                  "width": 113,
                  "x": 10,
                  "y": 14.88
                },
                "propConfig": {
                  "props.label.text": {
                    "binding": {
                      "config": {
                        "expression": "toString({[MQTT Engine]Edge Nodes/TEST/T1/AQ/Aquaponic1/FishTank/Pump_T1_01/Name}) + \" - \" + toString({[MQTT Engine]Edge Nodes/TEST/T1/AQ/Aquaponic1/FishTank/Pump_T1_01/Desc})"
                      },
                      "type": "expr"
                    }
                  },
                  "props.state": {
                    "binding": {
                      "config": {
                        "expression": "if(\r\n    {[MQTT Engine]Edge Nodes/TEST/T1/AQ/Aquaponic1/FishTank/Pump_T1_01/fault} \u003d 1,\r\n    \"faulted\",\r\n    if(\r\n        {[MQTT Engine]Edge Nodes/TEST/T1/AQ/Aquaponic1/FishTank/Pump_T1_01/ValStatus} \u003d 2,\r\n        \"running\",\r\n        if(\r\n            {[MQTT Engine]Edge Nodes/TEST/T1/AQ/Aquaponic1/FishTank/Pump_T1_01/ValStatus} \u003d 1,\r\n            if(\r\n                {[MQTT Engine]Edge Nodes/TEST/T1/AQ/Aquaponic1/FishTank/Pump_T1_01/start} \u003d 1,\r\n                \"running\",\r\n                if(\r\n                    {[MQTT Engine]Edge Nodes/TEST/T1/AQ/Aquaponic1/FishTank/Pump_T1_01/stop} \u003d 1,\r\n                    \"stopped\",\r\n                    \"default\"\r\n                )\r\n            ),\r\n            \"default\"\r\n        )\r\n    )\r\n)\r\n"
                      },
                      "type": "expr"
                    }
                  },
                  "props.value.text": {
                    "binding": {
                      "config": {
                        "expression": "if(\r\n    {[MQTT Engine]Edge Nodes/TEST/T1/AQ/Aquaponic1/FishTank/Pump_T1_01/fault} \u003d 1,\r\n    \"Faulted\",\r\n    if(\r\n        {[MQTT Engine]Edge Nodes/TEST/T1/AQ/Aquaponic1/FishTank/Pump_T1_01/ValStatus} \u003d 2,\r\n        \"Running\",\r\n        if(\r\n            {[MQTT Engine]Edge Nodes/TEST/T1/AQ/Aquaponic1/FishTank/Pump_T1_01/ValStatus} \u003d 1,\r\n            if(\r\n                {[MQTT Engine]Edge Nodes/TEST/T1/AQ/Aquaponic1/FishTank/Pump_T1_01/start} \u003d 1,\r\n                \"Running\",\r\n                if(\r\n                    {[MQTT Engine]Edge Nodes/TEST/T1/AQ/Aquaponic1/FishTank/Pump_T1_01/stop} \u003d 1,\r\n                    \"Stopped\",\r\n                    \"Running\"\r\n                )\r\n            ),\r\n            \"Running\"\r\n        )\r\n    )\r\n)\r\n"
                      },
                      "type": "expr"
                    }
                  }
                },
                "props": {
                  "appearance": "p\u0026id",
                  "label": {
                    "location": "top"
                  },
                  "value": {
                    "location": "top"
                  }
                },
                "type": "ia.symbol.pump"
              }
            ],
            "meta": {
              "name": "Bomba"
            },
            "position": {
              "height": 130,
              "rotate": {
                "anchor": "50% 75%"
              },
              "width": 150,
              "x": 429.375,
              "y": 106.475
            },
            "type": "ia.container.coord"
          },
          {
            "children": [
              {
                "meta": {
                  "name": "Pump"
                },
                "position": {
                  "height": 103,
                  "width": 103,
                  "x": 36,
                  "y": 12.73
                },
                "propConfig": {
                  "props.label.text": {
                    "binding": {
                      "config": {
                        "expression": "toString({[MQTT Engine]Edge Nodes/TEST/T1/AQ/Aquaponic1/AquaponicGrowBed/Pump_T2_01/Name}) + \" - \" + toString({[MQTT Engine]Edge Nodes/TEST/T1/AQ/Aquaponic1/AquaponicGrowBed/Pump_T2_01/Desc})"
                      },
                      "type": "expr"
                    }
                  },
                  "props.state": {
                    "binding": {
                      "config": {
                        "expression": "if(\r\n    {[MQTT Engine]Edge Nodes/TEST/T1/AQ/Aquaponic1/AquaponicGrowBed/Pump_T2_01/fault} \u003d 1,\r\n    \"faulted\",\r\n    if(\r\n        {[MQTT Engine]Edge Nodes/TEST/T1/AQ/Aquaponic1/AquaponicGrowBed/Pump_T2_01/ValStatus} \u003d 2,\r\n        \"running\",\r\n        if(\r\n            {[MQTT Engine]Edge Nodes/TEST/T1/AQ/Aquaponic1/AquaponicGrowBed/Pump_T2_01/ValStatus} \u003d 1,\r\n            if(\r\n                {[MQTT Engine]Edge Nodes/TEST/T1/AQ/Aquaponic1/AquaponicGrowBed/Pump_T2_01/start} \u003d 1,\r\n                \"running\",\r\n                if(\r\n                    {[MQTT Engine]Edge Nodes/TEST/T1/AQ/Aquaponic1/AquaponicGrowBed/Pump_T2_01/stop} \u003d 1,\r\n                    \"stopped\",\r\n                    \"default\"\r\n                )\r\n            ),\r\n            \"default\"\r\n        )\r\n    )\r\n)\r\n"
                      },
                      "type": "expr"
                    }
                  },
                  "props.value.text": {
                    "binding": {
                      "config": {
                        "expression": "if(\r\n    {[MQTT Engine]Edge Nodes/TEST/T1/AQ/Aquaponic1/AquaponicGrowBed/Pump_T2_01/fault} \u003d 1,\r\n    \"Running\",\r\n    if(\r\n        {[MQTT Engine]Edge Nodes/TEST/T1/AQ/Aquaponic1/AquaponicGrowBed/Pump_T2_01/ValStatus} \u003d 2,\r\n        \"Running\",\r\n        if(\r\n            {[MQTT Engine]Edge Nodes/TEST/T1/AQ/Aquaponic1/AquaponicGrowBed/Pump_T2_01/ValStatus} \u003d 1,\r\n            if(\r\n                {[MQTT Engine]Edge Nodes/TEST/T1/AQ/Aquaponic1/AquaponicGrowBed/Pump_T2_01/start} \u003d 1,\r\n                \"Running\",\r\n                if(\r\n                    {[MQTT Engine]Edge Nodes/TEST/T1/AQ/Aquaponic1/AquaponicGrowBed/Pump_T2_01/stop} \u003d 1,\r\n                    \"Stopped\",\r\n                    \"Running\"\r\n                )\r\n            ),\r\n            \"Running\"\r\n        )\r\n    )\r\n)\r\n"
                      },
                      "type": "expr"
                    }
                  }
                },
                "props": {
                  "appearance": "p\u0026id",
                  "label": {
                    "location": "top"
                  },
                  "orientation": "left",
                  "value": {
                    "location": "top"
                  }
                },
                "type": "ia.symbol.pump"
              }
            ],
            "meta": {
              "name": "Bomba_recovery_tank"
            },
            "position": {
              "height": 153,
              "width": 162,
              "x": 758.21,
              "y": 899.62
            },
            "type": "ia.container.coord"
          }
        ],
        "custom": {
          "navTarget": "\"\""
        },
        "meta": {
          "name": "CoordinateContainer",
          "tooltip": {
            "location": "center"
          }
        },
        "position": {
          "height": 0.8635,
          "width": 0.88,
          "x": 0.0737,
          "y": 0.1122
        },
        "type": "ia.container.coord"
      }
    ],
    "meta": {
      "name": "root"
    },
    "position": {
      "x": -0.2206,
      "y": -0.1663
    },
    "props": {
      "mode": "percent"
    },
    "type": "ia.container.coord"
  }
}