{
  "custom": {},
  "params": {},
  "props": {
    "defaultSize": {
      "height": 680,
      "width": 450
    }
  },
  "root": {
    "children": [
      {
        "children": [
          {
            "meta": {
              "name": "Label_1"
            },
            "position": {
              "basis": "28px"
            },
            "propConfig": {
              "props.text": {
                "binding": {
                  "config": {
                    "expression": "toString({[MQTT Engine]Edge Nodes/TEST/T1/AQ/Aquaponic1/FishTank/AIT_T1_01/Name}) + \" - \" + toString({[MQTT Engine]Edge Nodes/TEST/T1/AQ/Aquaponic1/FishTank/AIT_T1_01/Desc})\r\n"
                  },
                  "type": "expr"
                }
              }
            },
            "props": {
              "style": {
                "backgroundColor": "#D5D5D5",
                "color": "#555555",
                "fontSize": "16px",
                "fontWeight": "900",
                "textAlign": "center"
              }
            },
            "type": "ia.display.label"
          },
          {
            "children": [
              {
                "meta": {
                  "name": "Label"
                },
                "position": {
                  "basis": "200px",
                  "shrink": 0
                },
                "props": {
                  "style": {
                    "borderStyle": "none"
                  },
                  "text": "Max Value:"
                },
                "type": "ia.display.label"
              },
              {
                "meta": {
                  "name": "Label_0"
                },
                "position": {
                  "basis": "100px",
                  "grow": 1
                },
                "propConfig": {
                  "props.text": {
                    "binding": {
                      "config": {
                        "fallbackDelay": 2.5,
                        "mode": "direct",
                        "tagPath": "[MQTT Engine]Edge Nodes/TEST/T1/AQ/Aquaponic1/FishTank/AIT_T1_01/MAX"
                      },
                      "type": "tag"
                    }
                  }
                },
                "props": {
                  "style": {
                    "backgroundColor": "#FFFFFF",
                    "borderStyle": "groove",
                    "color": "#00D900",
                    "fontWeight": "bold"
                  }
                },
                "type": "ia.display.label"
              }
            ],
            "meta": {
              "name": "FlexContainer_1"
            },
            "position": {
              "basis": "50px"
            },
            "props": {
              "alignContent": "center",
              "alignItems": "center",
              "style": {
                "gap": "10px"
              }
            },
            "type": "ia.container.flex"
          },
          {
            "children": [
              {
                "meta": {
                  "name": "Label"
                },
                "position": {
                  "basis": "200px",
                  "shrink": 0
                },
                "props": {
                  "style": {
                    "borderStyle": "none"
                  },
                  "text": "Minimun Value:"
                },
                "type": "ia.display.label"
              },
              {
                "meta": {
                  "name": "Label_0"
                },
                "position": {
                  "basis": "100px",
                  "grow": 1
                },
                "propConfig": {
                  "props.text": {
                    "binding": {
                      "config": {
                        "fallbackDelay": 2.5,
                        "mode": "direct",
                        "tagPath": "[MQTT Engine]Edge Nodes/TEST/T1/AQ/Aquaponic1/FishTank/AIT_T1_01/MIN"
                      },
                      "type": "tag"
                    }
                  }
                },
                "props": {
                  "style": {
                    "backgroundColor": "#FFFFFF",
                    "borderStyle": "groove",
                    "color": "#00D900",
                    "fontWeight": "bold"
                  }
                },
                "type": "ia.display.label"
              }
            ],
            "meta": {
              "name": "FlexContainer_2"
            },
            "position": {
              "basis": "50px"
            },
            "props": {
              "alignContent": "center",
              "alignItems": "center",
              "style": {
                "gap": "10px"
              }
            },
            "type": "ia.container.flex"
          },
          {
            "children": [
              {
                "meta": {
                  "name": "Label"
                },
                "position": {
                  "basis": "200px",
                  "shrink": 0
                },
                "props": {
                  "style": {
                    "borderStyle": "none"
                  },
                  "text": "Unit Engineer:"
                },
                "type": "ia.display.label"
              },
              {
                "meta": {
                  "name": "Label_0"
                },
                "position": {
                  "basis": "100px",
                  "grow": 1
                },
                "propConfig": {
                  "props.text": {
                    "binding": {
                      "config": {
                        "fallbackDelay": 2.5,
                        "mode": "direct",
                        "tagPath": "[MQTT Engine]Edge Nodes/TEST/T1/AQ/Aquaponic1/FishTank/AIT_T1_01/EU"
                      },
                      "type": "tag"
                    }
                  }
                },
                "props": {
                  "style": {
                    "backgroundColor": "#FFFFFF",
                    "borderStyle": "groove",
                    "color": "#00D900",
                    "fontWeight": "bold"
                  }
                },
                "type": "ia.display.label"
              }
            ],
            "meta": {
              "name": "FlexContainer_3"
            },
            "position": {
              "basis": "50px"
            },
            "props": {
              "alignContent": "center",
              "alignItems": "center",
              "style": {
                "gap": "10px"
              }
            },
            "type": "ia.container.flex"
          },
          {
            "children": [
              {
                "meta": {
                  "name": "Label"
                },
                "position": {
                  "basis": "200px",
                  "shrink": 0
                },
                "props": {
                  "style": {
                    "borderStyle": "none"
                  },
                  "text": "High High Alarm:"
                },
                "type": "ia.display.label"
              },
              {
                "meta": {
                  "name": "Label_0"
                },
                "position": {
                  "basis": "100px",
                  "grow": 1
                },
                "propConfig": {
                  "props.text": {
                    "binding": {
                      "config": {
                        "fallbackDelay": 2.5,
                        "mode": "direct",
                        "tagPath": "[MQTT Engine]Edge Nodes/TEST/T1/AQ/Aquaponic1/FishTank/AIT_T1_01/HH"
                      },
                      "type": "tag"
                    }
                  }
                },
                "props": {
                  "style": {
                    "backgroundColor": "#FFFFFF",
                    "borderStyle": "groove",
                    "color": "#00D900",
                    "fontWeight": "bold"
                  }
                },
                "type": "ia.display.label"
              }
            ],
            "meta": {
              "name": "FlexContainer_4"
            },
            "position": {
              "basis": "50px"
            },
            "props": {
              "alignContent": "center",
              "alignItems": "center",
              "style": {
                "gap": "10px"
              }
            },
            "type": "ia.container.flex"
          },
          {
            "children": [
              {
                "meta": {
                  "name": "Label"
                },
                "position": {
                  "basis": "200px",
                  "shrink": 0
                },
                "props": {
                  "style": {
                    "borderStyle": "none"
                  },
                  "text": "Low Low Alarm:"
                },
                "type": "ia.display.label"
              },
              {
                "meta": {
                  "name": "Label_0"
                },
                "position": {
                  "basis": "100px",
                  "grow": 1
                },
                "propConfig": {
                  "props.text": {
                    "binding": {
                      "config": {
                        "fallbackDelay": 2.5,
                        "mode": "direct",
                        "tagPath": "[MQTT Engine]Edge Nodes/TEST/T1/AQ/Aquaponic1/FishTank/AIT_T1_01/LL"
                      },
                      "type": "tag"
                    }
                  }
                },
                "props": {
                  "style": {
                    "backgroundColor": "#FFFFFF",
                    "borderStyle": "groove",
                    "color": "#00D900",
                    "fontWeight": "bold"
                  }
                },
                "type": "ia.display.label"
              }
            ],
            "meta": {
              "name": "FlexContainer_5"
            },
            "position": {
              "basis": "50px"
            },
            "props": {
              "alignContent": "center",
              "alignItems": "center",
              "style": {
                "gap": "10px"
              }
            },
            "type": "ia.container.flex"
          }
        ],
        "meta": {
          "name": "FlexContainer"
        },
        "position": {
          "height": 229,
          "width": 391,
          "x": 26.83388931274414,
          "y": 408.67361640930176
        },
        "props": {
          "direction": "column",
          "style": {
            "backgroundColor": "#EBEBEB",
            "borderBottomLeftRadius": 12,
            "borderBottomRightRadius": 12,
            "borderColor": "#BBBBBB",
            "borderStyle": "double",
            "fontFamily": "inherit",
            "outlineStyle": "none"
          }
        },
        "type": "ia.container.flex"
      },
      {
        "children": [
          {
            "meta": {
              "name": "Label"
            },
            "position": {
              "breakpoints": [
                {
                  "colIndex": 0,
                  "name": "sm",
                  "order": 0,
                  "rowIndex": 0,
                  "span": 12
                },
                {
                  "colIndex": 0,
                  "name": "md",
                  "order": 0,
                  "rowIndex": 0,
                  "span": 12
                },
                {
                  "colIndex": 0,
                  "name": "lg",
                  "order": 0,
                  "rowIndex": 0,
                  "span": 12
                }
              ],
              "height": 50,
              "width": 165,
              "x": 142,
              "y": 48
            },
            "props": {
              "style": {
                "backgroundColor": "#B2B2B24D",
                "borderStyle": "solid",
                "borderTopLeftRadius": 10,
                "borderTopRightRadius": 10,
                "borderWidth": 1
              },
              "text": "Dissolved Oxygen Sensor",
              "textStyle": {
                "fontFamily": "inherit",
                "fontSize": 18,
                "fontWeight": "900",
                "overflowWrap": "normal",
                "textAlign": "center"
              }
            },
            "type": "ia.display.label"
          },
          {
            "meta": {
              "name": "MovingAnalogIndicator"
            },
            "position": {
              "breakpoints": [
                {
                  "colIndex": 0,
                  "name": "sm",
                  "order": 1,
                  "rowIndex": 0,
                  "span": 3
                },
                {
                  "colIndex": 0,
                  "name": "md",
                  "order": 1,
                  "rowIndex": 1,
                  "span": 1
                },
                {
                  "colIndex": 0,
                  "name": "lg",
                  "order": 1,
                  "rowIndex": 1,
                  "span": 1
                }
              ],
              "height": 288,
              "width": 95,
              "x": 204,
              "y": 45.19
            },
            "propConfig": {
              "props.highHighAlarm": {
                "binding": {
                  "config": {
                    "fallbackDelay": 2.5,
                    "mode": "direct",
                    "tagPath": "[MQTT Engine]Edge Nodes/TEST/T1/AQ/Aquaponic1/FishTank/AIT_T1_01/HH"
                  },
                  "type": "tag"
                }
              },
              "props.lowLowAlarm": {
                "binding": {
                  "config": {
                    "fallbackDelay": 2.5,
                    "mode": "direct",
                    "tagPath": "[MQTT Engine]Edge Nodes/TEST/T1/AQ/Aquaponic1/FishTank/AIT_T1_01/LL"
                  },
                  "type": "tag"
                }
              },
              "props.maxValue": {
                "binding": {
                  "config": {
                    "fallbackDelay": 2.5,
                    "mode": "direct",
                    "tagPath": "[MQTT Engine]Edge Nodes/TEST/T1/AQ/Aquaponic1/FishTank/AIT_T1_01/MAX"
                  },
                  "type": "tag"
                }
              },
              "props.minValue": {
                "binding": {
                  "config": {
                    "fallbackDelay": 2.5,
                    "mode": "direct",
                    "tagPath": "[MQTT Engine]Edge Nodes/TEST/T1/AQ/Aquaponic1/FishTank/AIT_T1_01/MIN"
                  },
                  "type": "tag"
                }
              },
              "props.processValue": {
                "binding": {
                  "config": {
                    "fallbackDelay": 2.5,
                    "mode": "direct",
                    "tagPath": "[MQTT Engine]Edge Nodes/TEST/T1/AQ/Aquaponic1/FishTank/AIT_T1_01/PV"
                  },
                  "type": "tag"
                }
              }
            },
            "props": {
              "desiredHigh": 65,
              "desiredLow": 40,
              "highAlarm": null,
              "highInterlock": null,
              "label": {
                "format": "#,##0.00"
              },
              "lowAlarm": null,
              "lowInterlock": null
            },
            "type": "ia.display.moving-analog-indicator"
          },
          {
            "meta": {
              "name": "PowerChart"
            },
            "position": {
              "breakpoints": [
                {
                  "colIndex": 3,
                  "name": "sm",
                  "order": 1.5,
                  "rowIndex": 0,
                  "span": 9
                },
                {
                  "colIndex": 0,
                  "name": "md",
                  "order": 1,
                  "rowIndex": 1,
                  "span": 1
                },
                {
                  "colIndex": 0,
                  "name": "lg",
                  "order": 1,
                  "rowIndex": 1,
                  "span": 1
                }
              ],
              "height": 268,
              "width": 279,
              "x": 212,
              "y": 153
            },
            "props": {
              "config": {
                "endDate": {
                  "$": [
                    "ts",
                    0,
                    1763686729191
                  ],
                  "$ts": 1763686714432
                },
                "rangeEndDate": {
                  "$": [
                    "ts",
                    0,
                    1763686757595
                  ],
                  "$ts": 1763654931713
                },
                "rangeSelectorPen": "histprov:IDOM:/drv:ignition-juniorpp:mqtt engine:/tag:edge nodes/test/t1/aq/aquaponic1/fishtank/ait_t1_01/pv",
                "rangeStartDate": {
                  "$": [
                    "ts",
                    0,
                    1763686757595
                  ],
                  "$ts": 1763654872919
                },
                "startDate": {
                  "$": [
                    "ts",
                    0,
                    1763686729191
                  ],
                  "$ts": 1763646994432
                },
                "unitOfTime": 20,
                "visibility": {
                  "buttons": {
                    "showAnnotationButton": false,
                    "showFullscreenButton": false,
                    "showMoreButton": false,
                    "showPanZoomButton": false,
                    "showRangeBrushButton": false,
                    "showSettingsButton": false,
                    "showXTraceButton": false
                  },
                  "showPenControlDisplay": false
                }
              },
              "interaction": {
                "chartZoomLevel": 1220.5327074191243,
                "rangeZoomLevel": 1
              },
              "pens": [
                {
                  "axis": "",
                  "data": {
                    "aggregateMode": "default",
                    "source": "histprov:IDOM:/drv:ignition-juniorpp:mqtt engine:/tag:edge nodes/test/t1/aq/aquaponic1/fishtank/ait_t1_01/pv"
                  },
                  "display": {
                    "breakLine": true,
                    "interpolation": "curveLinear",
                    "radius": 3,
                    "styles": {
                      "highlighted": {
                        "fill": {
                          "color": "#63BEA2",
                          "opacity": 1
                        },
                        "stroke": {
                          "color": "#63BEA2",
                          "dashArray": 0,
                          "opacity": 1,
                          "width": 1
                        }
                      },
                      "muted": {
                        "fill": {
                          "color": "#63BEA2",
                          "opacity": 0.4
                        },
                        "stroke": {
                          "color": "#63BEA2",
                          "dashArray": 0,
                          "opacity": 0.4,
                          "width": 1
                        }
                      },
                      "normal": {
                        "fill": {
                          "color": "#63BEA2",
                          "opacity": 0.8
                        },
                        "stroke": {
                          "color": "#63BEA2",
                          "dashArray": 0,
                          "opacity": 0.8,
                          "width": 1
                        }
                      },
                      "selected": {
                        "fill": {
                          "color": "#63BEA2",
                          "opacity": 1
                        },
                        "stroke": {
                          "color": "#63BEA2",
                          "dashArray": 0,
                          "opacity": 1,
                          "width": 1
                        }
                      }
                    },
                    "type": "line"
                  },
                  "enabled": true,
                  "name": "pv",
                  "plot": 0,
                  "selectable": true,
                  "visible": true
                }
              ],
              "style": {
                "borderStyle": "none"
              }
            },
            "type": "ia.chart.powerchart"
          }
        ],
        "meta": {
          "name": "ColumnContainer"
        },
        "position": {
          "height": 372,
          "width": 390,
          "x": 24.84,
          "y": 34
        },
        "props": {
          "style": {
            "backgroundColor": "#EBEBEB",
            "borderColor": "#BBBBBB",
            "borderStyle": "double",
            "borderTopLeftRadius": 12,
            "borderTopRightRadius": 12
          }
        },
        "type": "ia.container.column"
      }
    ],
    "meta": {
      "name": "root"
    },
    "position": {
      "x": 10,
      "y": 10
    },
    "props": {
      "style": {
        "backgroundColor": "#F1F1F1A1",
        "borderColor": "#BBBBBB00",
        "borderStyle": "solid"
      }
    },
    "type": "ia.container.coord"
  }
}