{
  "custom": {},
  "params": {},
  "props": {
    "defaultSize": {
      "height": 680,
      "width": 450
    }
  },
  "root": {
    "children": [
      {
        "children": [
          {
            "children": [
              {
                "meta": {
                  "name": "Label_1"
                },
                "position": {
                  "basis": "28px"
                },
                "props": {
                  "style": {
                    "backgroundColor": "#CEC4C496",
                    "color": "#555555",
                    "fontSize": "16px",
                    "fontWeight": "900"
                  },
                  "text": "TIT_T1_01 - Temperature",
                  "textStyle": {
                    "backgroundColor": "B2B2B24D",
                    "textAlign": "center"
                  }
                },
                "type": "ia.display.label"
              },
              {
                "children": [
                  {
                    "meta": {
                      "name": "Label"
                    },
                    "position": {
                      "basis": "200px",
                      "shrink": 0
                    },
                    "props": {
                      "style": {
                        "borderStyle": "none"
                      },
                      "text": "Max Value:"
                    },
                    "type": "ia.display.label"
                  },
                  {
                    "meta": {
                      "name": "Label_0"
                    },
                    "position": {
                      "basis": "100px",
                      "grow": 1
                    },
                    "propConfig": {
                      "props.text": {
                        "binding": {
                          "config": {
                            "fallbackDelay": 2.5,
                            "mode": "direct",
                            "publishInitial": false,
                            "tagPath": "[MQTT Engine]Edge Nodes/TEST/T1/AQ/Aquaponic1/FishTank/TIT_T1_01/MAX"
                          },
                          "type": "tag"
                        }
                      }
                    },
                    "props": {
                      "style": {
                        "backgroundColor": "#FFFFFF",
                        "borderStyle": "groove",
                        "color": "#00D900",
                        "fontWeight": "bold"
                      }
                    },
                    "type": "ia.display.label"
                  }
                ],
                "meta": {
                  "name": "FlexContainer_1"
                },
                "position": {
                  "basis": "50px"
                },
                "props": {
                  "alignContent": "center",
                  "alignItems": "center",
                  "style": {
                    "gap": "10px"
                  }
                },
                "type": "ia.container.flex"
              },
              {
                "children": [
                  {
                    "meta": {
                      "name": "Label"
                    },
                    "position": {
                      "basis": "200px",
                      "shrink": 0
                    },
                    "props": {
                      "style": {
                        "borderStyle": "none"
                      },
                      "text": "Minimun Value:"
                    },
                    "type": "ia.display.label"
                  },
                  {
                    "meta": {
                      "name": "Label_0"
                    },
                    "position": {
                      "basis": "100px",
                      "grow": 1
                    },
                    "propConfig": {
                      "props.text": {
                        "binding": {
                          "config": {
                            "fallbackDelay": 2.5,
                            "mode": "direct",
                            "publishInitial": false,
                            "tagPath": "[MQTT Engine]Edge Nodes/TEST/T1/AQ/Aquaponic1/FishTank/TIT_T1_01/MIN"
                          },
                          "type": "tag"
                        }
                      }
                    },
                    "props": {
                      "style": {
                        "backgroundColor": "#FFFFFF",
                        "borderStyle": "groove",
                        "color": "#00D900",
                        "fontWeight": "bold"
                      }
                    },
                    "type": "ia.display.label"
                  }
                ],
                "meta": {
                  "name": "FlexContainer_2"
                },
                "position": {
                  "basis": "50px"
                },
                "props": {
                  "alignContent": "center",
                  "alignItems": "center",
                  "style": {
                    "gap": "10px"
                  }
                },
                "type": "ia.container.flex"
              },
              {
                "children": [
                  {
                    "meta": {
                      "name": "Label"
                    },
                    "position": {
                      "basis": "200px",
                      "shrink": 0
                    },
                    "props": {
                      "style": {
                        "borderStyle": "none"
                      },
                      "text": "Unit Engineer:"
                    },
                    "type": "ia.display.label"
                  },
                  {
                    "meta": {
                      "name": "Label_0"
                    },
                    "position": {
                      "basis": "100px",
                      "grow": 1
                    },
                    "propConfig": {
                      "props.text": {
                        "binding": {
                          "config": {
                            "fallbackDelay": 2.5,
                            "mode": "direct",
                            "publishInitial": false,
                            "tagPath": "[MQTT Engine]Edge Nodes/TEST/T1/AQ/Aquaponic1/FishTank/TIT_T1_01/EU"
                          },
                          "type": "tag"
                        }
                      }
                    },
                    "props": {
                      "style": {
                        "backgroundColor": "#FFFFFF",
                        "borderStyle": "groove",
                        "color": "#00D900",
                        "fontWeight": "bold"
                      }
                    },
                    "type": "ia.display.label"
                  }
                ],
                "meta": {
                  "name": "FlexContainer_3"
                },
                "position": {
                  "basis": "50px"
                },
                "props": {
                  "alignContent": "center",
                  "alignItems": "center",
                  "style": {
                    "gap": "10px"
                  }
                },
                "type": "ia.container.flex"
              },
              {
                "children": [
                  {
                    "meta": {
                      "name": "Label"
                    },
                    "position": {
                      "basis": "200px",
                      "shrink": 0
                    },
                    "props": {
                      "style": {
                        "borderStyle": "none"
                      },
                      "text": "High High Alarm:"
                    },
                    "type": "ia.display.label"
                  },
                  {
                    "meta": {
                      "name": "Label_0"
                    },
                    "position": {
                      "basis": "100px",
                      "grow": 1
                    },
                    "propConfig": {
                      "props.text": {
                        "binding": {
                          "config": {
                            "fallbackDelay": 2.5,
                            "mode": "direct",
                            "publishInitial": false,
                            "tagPath": "[MQTT Engine]Edge Nodes/TEST/T1/AQ/Aquaponic1/FishTank/TIT_T1_01/HH"
                          },
                          "type": "tag"
                        }
                      }
                    },
                    "props": {
                      "style": {
                        "backgroundColor": "#FFFFFF",
                        "borderStyle": "groove",
                        "color": "#00D900",
                        "fontWeight": "bold"
                      }
                    },
                    "type": "ia.display.label"
                  }
                ],
                "meta": {
                  "name": "FlexContainer_4"
                },
                "position": {
                  "basis": "50px"
                },
                "props": {
                  "alignContent": "center",
                  "alignItems": "center",
                  "style": {
                    "gap": "10px"
                  }
                },
                "type": "ia.container.flex"
              },
              {
                "children": [
                  {
                    "meta": {
                      "name": "Label"
                    },
                    "position": {
                      "basis": "200px",
                      "shrink": 0
                    },
                    "props": {
                      "style": {
                        "borderStyle": "none"
                      },
                      "text": "Low Low Alarm:"
                    },
                    "type": "ia.display.label"
                  },
                  {
                    "meta": {
                      "name": "Label_0"
                    },
                    "position": {
                      "basis": "100px",
                      "grow": 1
                    },
                    "propConfig": {
                      "props.text": {
                        "binding": {
                          "config": {
                            "fallbackDelay": 2.5,
                            "mode": "direct",
                            "publishInitial": false,
                            "tagPath": "[MQTT Engine]Edge Nodes/TEST/T1/AQ/Aquaponic1/FishTank/TIT_T1_01/LL"
                          },
                          "type": "tag"
                        }
                      }
                    },
                    "props": {
                      "style": {
                        "backgroundColor": "#FFFFFF",
                        "borderStyle": "groove",
                        "color": "#00D900",
                        "fontWeight": "bold"
                      }
                    },
                    "type": "ia.display.label"
                  }
                ],
                "meta": {
                  "name": "FlexContainer_5"
                },
                "position": {
                  "basis": "50px"
                },
                "props": {
                  "alignContent": "center",
                  "alignItems": "center",
                  "style": {
                    "gap": "10px"
                  }
                },
                "type": "ia.container.flex"
              }
            ],
            "meta": {
              "name": "FlexContainer_2"
            },
            "position": {
              "basis": "229px"
            },
            "props": {
              "direction": "column"
            },
            "type": "ia.container.flex"
          }
        ],
        "meta": {
          "name": "FlexContainer"
        },
        "position": {
          "height": 229,
          "width": 391,
          "x": 26.83388931274414,
          "y": 408.67361640930176
        },
        "props": {
          "direction": "column",
          "style": {
            "backgroundColor": "#EBEBEB",
            "borderBottomLeftRadius": 12,
            "borderBottomRightRadius": 12,
            "borderColor": "#BBBBBB",
            "borderStyle": "double",
            "fontFamily": "inherit",
            "outlineStyle": "none"
          }
        },
        "type": "ia.container.flex"
      },
      {
        "children": [
          {
            "meta": {
              "name": "TimeSeriesChart"
            },
            "position": {
              "breakpoints": [
                {
                  "colIndex": 4,
                  "name": "sm",
                  "order": 2,
                  "rowIndex": 0,
                  "span": 8
                },
                {
                  "colIndex": 0,
                  "name": "md",
                  "order": 1,
                  "rowIndex": 1,
                  "span": 1
                },
                {
                  "colIndex": 0,
                  "name": "lg",
                  "order": 1,
                  "rowIndex": 1,
                  "span": 1
                }
              ],
              "height": 307,
              "rotate": {
                "anchor": "50% 39%"
              },
              "width": 266,
              "x": 155.33,
              "y": 112.33
            },
            "props": {
              "series": [
                {
                  "data": [
                    {
                      "Temperature": 52,
                      "time": 1560469431423
                    },
                    {
                      "Temperature": 18,
                      "time": 1560469432423
                    },
                    {
                      "Temperature": 26,
                      "time": 1560469433423
                    },
                    {
                      "Temperature": 63,
                      "time": 1560469434423
                    },
                    {
                      "Temperature": 65,
                      "time": 1560469435423
                    },
                    {
                      "Temperature": 12,
                      "time": 1560469436423
                    },
                    {
                      "Temperature": 61,
                      "time": 1560469437423
                    },
                    {
                      "Temperature": 60,
                      "time": 1560469438423
                    },
                    {
                      "Temperature": 58,
                      "time": 1560469439423
                    },
                    {
                      "Temperature": 1,
                      "time": 1560469440423
                    }
                  ],
                  "name": "Boiler"
                }
              ],
              "timeAxis": {
                "color": "#B2B2B2",
                "grid": {
                  "color": "#C0C0C029",
                  "visible": true
                }
              },
              "timeRange": {
                "visible": false
              }
            },
            "type": "ia.chart.timeseries"
          },
          {
            "meta": {
              "name": "Label"
            },
            "position": {
              "breakpoints": [
                {
                  "colIndex": 0,
                  "name": "sm",
                  "order": 0,
                  "rowIndex": 0,
                  "span": 12
                },
                {
                  "colIndex": 0,
                  "name": "md",
                  "order": 1,
                  "rowIndex": 1,
                  "span": 1
                },
                {
                  "colIndex": 0,
                  "name": "lg",
                  "order": 1,
                  "rowIndex": 1,
                  "span": 1
                }
              ],
              "height": 50,
              "width": 165,
              "x": 142,
              "y": 48
            },
            "props": {
              "style": {
                "backgroundColor": "#B2B2B24D",
                "borderStyle": "solid",
                "borderTopLeftRadius": 10,
                "borderTopRightRadius": 10,
                "borderWidth": 1
              },
              "text": "Temperature Sensor",
              "textStyle": {
                "fontFamily": "inherit",
                "fontSize": 18,
                "fontWeight": "900",
                "overflowWrap": "normal",
                "textAlign": "center"
              }
            },
            "type": "ia.display.label"
          },
          {
            "meta": {
              "name": "Thermometer"
            },
            "position": {
              "breakpoints": [
                {
                  "colIndex": 0,
                  "name": "sm",
                  "order": 1,
                  "rowIndex": 0,
                  "span": 4
                },
                {
                  "colIndex": 0,
                  "name": "md",
                  "order": 1,
                  "rowIndex": 1,
                  "span": 1
                },
                {
                  "colIndex": 0,
                  "name": "lg",
                  "order": 1,
                  "rowIndex": 1,
                  "span": 1
                }
              ],
              "height": 257,
              "width": 102,
              "x": 74.6,
              "y": 144.6
            },
            "props": {
              "intervals": [
                {
                  "color": "#47A9E5",
                  "high": 25,
                  "low": 0
                },
                {
                  "color": "#B394EF",
                  "high": 75,
                  "low": 25
                },
                {
                  "color": "#DB3939",
                  "high": 100,
                  "low": 75
                }
              ]
            },
            "type": "ia.display.thermometer"
          }
        ],
        "meta": {
          "name": "ColumnContainer"
        },
        "position": {
          "height": 372,
          "width": 390,
          "x": 27.84388931274414,
          "y": 37.003616409301756
        },
        "props": {
          "style": {
            "backgroundColor": "#EBEBEB",
            "borderColor": "#BBBBBB",
            "borderStyle": "double",
            "borderTopLeftRadius": 12,
            "borderTopRightRadius": 12
          }
        },
        "type": "ia.container.column"
      }
    ],
    "meta": {
      "name": "root"
    },
    "position": {
      "x": 10,
      "y": 10
    },
    "props": {
      "style": {
        "backgroundColor": "#F1F1F1A1",
        "borderColor": "#BBBBBB00",
        "borderStyle": "solid"
      }
    },
    "type": "ia.container.coord"
  }
}